<DATE>	<TIME>	<OPEN>	<HIGH>	<LOW>	<CLOSE>	<TICKVOL>	<VOL>	<SPREAD>
2026.01.01	23:00:00	4328.340	4351.526	4327.673	4348.349	8141	0	160
2026.01.02	00:00:00	4348.358	4356.179	4341.279	4354.191	11395	0	160
2026.01.02	01:00:00	4354.197	4356.159	4344.606	4348.030	13905	0	160
2026.01.02	02:00:00	4348.002	4363.219	4344.852	4362.798	12290	0	160
2026.01.02	03:00:00	4362.824	4375.846	4362.077	4375.173	11811	0	160
2026.01.02	04:00:00	4375.130	4378.641	4371.368	4373.267	10504	0	160
2026.01.02	05:00:00	4373.325	4381.780	4370.946	4380.664	9561	0	160
2026.01.02	06:00:00	4380.710	4381.019	4373.382	4374.782	9754	0	160
2026.01.02	07:00:00	4374.758	4383.326	4371.949	4382.800	10964	0	160
2026.01.02	08:00:00	4382.763	4397.619	4380.488	4387.120	11082	0	160
2026.01.02	09:00:00	4387.083	4391.700	4383.385	4385.609	10353	0	160
2026.01.02	10:00:00	4385.635	4398.588	4384.555	4396.070	10207	0	160
2026.01.02	11:00:00	4396.188	4399.384	4390.794	4392.898	8545	0	160
2026.01.02	12:00:00	4392.891	4398.330	4385.177	4394.339	11645	0	160
2026.01.02	13:00:00	4394.389	4402.465	4361.783	4366.023	30240	0	160
2026.01.02	14:00:00	4366.066	4373.708	4348.143	4353.462	40090	0	160
2026.01.02	15:00:00	4353.476	4357.006	4330.240	4335.470	47192	0	160
2026.01.02	16:00:00	4335.417	4337.401	4314.837	4326.428	42128	0	160
2026.01.02	17:00:00	4326.382	4333.531	4322.760	4323.089	22205	0	160
2026.01.02	18:00:00	4323.015	4323.733	4309.680	4315.060	22264	0	160
2026.01.02	19:00:00	4315.106	4326.310	4315.106	4318.185	15775	0	160
2026.01.02	20:00:00	4318.228	4331.586	4317.152	4331.422	13940	0	160
2026.01.02	21:00:00	4331.457	4333.960	4327.070	4331.759	6478	0	160
2026.01.04	23:00:00	4353.486	4375.927	4349.834	4372.570	15661	0	160
2026.01.05	00:00:00	4372.597	4396.832	4370.227	4395.055	21190	0	160
2026.01.05	01:00:00	4395.081	4421.140	4391.224	4401.876	53050	0	160
2026.01.05	02:00:00	4401.913	4409.611	4388.651	4405.335	25530	0	160
2026.01.05	03:00:00	4405.379	4414.105	4399.690	4399.941	15774	0	160
2026.01.05	04:00:00	4399.909	4408.423	4397.428	4404.147	9511	0	160
2026.01.05	05:00:00	4404.194	4414.553	4401.270	4412.369	14137	0	160
2026.01.05	06:00:00	4412.307	4426.559	4411.208	4420.161	20097	0	160
2026.01.05	07:00:00	4420.279	4425.096	4416.786	4421.826	13634	0	160
2026.01.05	08:00:00	4421.868	4433.981	4419.336	4430.181	13958	0	160
2026.01.05	09:00:00	4430.172	4438.245	4425.973	4434.819	12527	0	160
2026.01.05	10:00:00	4434.840	4440.011	4430.809	4436.250	10989	0	160
2026.01.05	11:00:00	4436.286	4437.501	4411.073	4419.349	18626	0	160
2026.01.05	12:00:00	4419.316	4421.533	4405.439	4409.669	16746	0	160
2026.01.05	13:00:00	4409.728	4418.988	4395.895	4416.777	31829	0	160
2026.01.05	14:00:00	4416.756	4442.879	4416.756	4436.879	38722	0	160
2026.01.05	15:00:00	4436.956	4455.697	4435.453	4448.524	34762	0	160
2026.01.05	16:00:00	4448.487	4454.471	4438.476	4441.949	19400	0	160
2026.01.05	17:00:00	4441.992	4449.015	4432.261	4443.566	22046	0	160
2026.01.05	18:00:00	4443.511	4448.613	4439.808	4448.613	13599	0	160
2026.01.05	19:00:00	4448.640	4449.504	4434.700	4439.845	15207	0	160
2026.01.05	20:00:00	4439.805	4447.100	4437.896	4445.041	14027	0	160
2026.01.05	21:00:00	4445.092	4449.325	4443.406	4448.989	6596	0	160
2026.01.05	23:00:00	4454.841	4460.290	4436.869	4440.334	8899	0	160
2026.01.06	00:00:00	4440.426	4444.902	4430.348	4436.385	13716	0	160
2026.01.06	01:00:00	4436.336	4452.327	4427.675	4450.418	27334	0	160
2026.01.06	02:00:00	4450.515	4461.378	4448.680	4454.980	20467	0	160
2026.01.06	03:00:00	4455.006	4468.212	4454.095	4467.805	13275	0	160
2026.01.06	04:00:00	4467.682	4468.596	4461.708	4467.361	8597	0	160
2026.01.06	05:00:00	4467.251	4474.275	4449.432	4452.551	18027	0	160
2026.01.06	06:00:00	4452.575	4466.948	4451.601	4465.667	17753	0	160
2026.01.06	07:00:00	4465.603	4470.422	4457.239	4459.479	12766	0	160
2026.01.06	08:00:00	4459.501	4476.002	4457.442	4468.331	15659	0	160
2026.01.06	09:00:00	4468.274	4468.593	4444.803	4446.277	17337	0	160
2026.01.06	10:00:00	4446.398	4456.015	4442.565	4451.736	11811	0	160
2026.01.06	11:00:00	4451.818	4464.613	4448.688	4463.377	9950	0	160
2026.01.06	12:00:00	4463.319	4466.318	4458.738	4463.614	9806	0	160
2026.01.06	13:00:00	4463.652	4470.587	4453.975	4467.983	24287	0	160
2026.01.06	14:00:00	4468.012	4489.999	4464.456	4487.466	27533	0	160
2026.01.06	15:00:00	4487.493	4490.968	4462.854	4478.351	37224	0	160
2026.01.06	16:00:00	4478.320	4489.083	4471.616	4488.240	21715	0	160
2026.01.06	17:00:00	4488.340	4491.626	4481.675	4489.462	15994	0	160
2026.01.06	18:00:00	4489.420	4494.128	4482.185	4488.520	15428	0	160
2026.01.06	19:00:00	4488.540	4489.405	4477.399	4481.409	15263	0	160
2026.01.06	20:00:00	4481.378	4496.944	4480.296	4493.817	11727	0	160
2026.01.06	21:00:00	4493.778	4497.422	4491.740	4494.600	6582	0	160
2026.01.06	23:00:00	4498.082	4500.541	4492.122	4493.223	7151	0	160
2026.01.07	00:00:00	4493.308	4494.702	4482.523	4491.903	12731	0	160
2026.01.07	01:00:00	4491.878	4495.931	4460.993	4465.500	39190	0	160
2026.01.07	02:00:00	4465.482	4478.762	4459.455	4474.656	20706	0	160
2026.01.07	03:00:00	4474.670	4480.356	4471.815	4474.703	13952	0	160
2026.01.07	04:00:00	4474.645	4476.083	4463.395	4464.827	15690	0	160
2026.01.07	05:00:00	4464.825	4470.296	4443.170	4454.270	24606	0	160
2026.01.07	06:00:00	4454.232	4460.477	4441.419	4444.168	21278	0	160
2026.01.07	07:00:00	4444.112	4465.169	4441.509	4461.273	15288	0	160
2026.01.07	08:00:00	4461.183	4474.845	4459.289	4468.243	13237	0	160
2026.01.07	09:00:00	4468.205	4468.713	4459.634	4463.388	11976	0	160
2026.01.07	10:00:00	4463.360	4467.819	4458.660	4464.522	9717	0	160
2026.01.07	11:00:00	4464.481	4464.982	4446.584	4447.469	13015	0	160
2026.01.07	12:00:00	4447.441	4455.125	4439.158	4445.029	16776	0	160
2026.01.07	13:00:00	4445.066	4453.132	4427.817	4452.968	35506	0	160
2026.01.07	14:00:00	4452.923	4454.334	4435.782	4445.604	38096	0	160
2026.01.07	15:00:00	4445.549	4452.207	4423.563	4446.078	34294	0	160
2026.01.07	16:00:00	4446.044	4468.439	4443.910	4464.270	25300	0	160
2026.01.07	17:00:00	4464.309	4465.416	4449.791	4451.851	15225	0	160
2026.01.07	18:00:00	4451.908	4458.770	4447.231	4452.008	17130	0	160
2026.01.07	19:00:00	4452.071	4458.023	4445.362	4456.852	12874	0	160
2026.01.07	20:00:00	4456.896	4461.700	4450.556	4451.988	15693	0	160
2026.01.07	21:00:00	4452.036	4456.107	4449.794	4455.734	6300	0	160
2026.01.07	23:00:00	4459.787	4464.170	4458.515	4463.418	6173	0	160
2026.01.08	00:00:00	4463.439	4466.480	4446.637	4450.263	13116	0	160
2026.01.08	01:00:00	4450.259	4460.475	4441.598	4448.506	23815	0	160
2026.01.08	02:00:00	4448.519	4449.725	4433.334	4441.382	20420	0	160
2026.01.08	03:00:00	4441.397	4446.525	4437.111	4440.299	14614	0	160
2026.01.08	04:00:00	4440.323	4440.571	4430.167	4431.553	9507	0	160
2026.01.08	05:00:00	4431.524	4432.411	4415.511	4425.388	24457	0	160
2026.01.08	06:00:00	4425.449	4437.619	4415.853	4433.359	24033	0	160
2026.01.08	07:00:00	4433.395	4439.928	4428.495	4431.056	14959	0	160
2026.01.08	08:00:00	4430.976	4433.321	4419.832	4431.573	16289	0	160
2026.01.08	09:00:00	4431.548	4435.449	4425.979	4432.575	11983	0	160
2026.01.08	10:00:00	4432.589	4434.825	4422.964	4433.276	11225	0	160
2026.01.08	11:00:00	4433.315	4433.315	4422.016	4422.728	10026	0	160
2026.01.08	12:00:00	4422.769	4431.351	4407.557	4427.857	19114	0	160
2026.01.08	13:00:00	4427.725	4436.310	4417.267	4423.813	27357	0	160
2026.01.08	14:00:00	4423.771	4439.417	4418.924	4432.845	39427	0	160
2026.01.08	15:00:00	4432.818	4456.536	4427.799	4454.150	37093	0	160
2026.01.08	16:00:00	4454.191	4464.615	4446.895	4463.197	24987	0	160
2026.01.08	17:00:00	4463.116	4465.503	4457.535	4463.423	14934	0	160
2026.01.08	18:00:00	4463.442	4463.442	4447.882	4449.652	16463	0	160
2026.01.08	19:00:00	4449.642	4452.924	4444.332	4452.141	10884	0	160
2026.01.08	20:00:00	4452.020	4478.222	4451.421	4476.036	18421	0	160
2026.01.08	21:00:00	4475.999	4479.711	4472.633	4477.366	8176	0	160
2026.01.08	23:00:00	4482.004	4484.203	4472.630	4475.597	7505	0	160
2026.01.09	00:00:00	4475.632	4476.742	4459.959	4462.843	10724	0	160
2026.01.09	01:00:00	4462.869	4470.030	4452.819	4468.909	24838	0	160
2026.01.09	02:00:00	4468.941	4476.568	4465.623	4469.395	15539	0	160
2026.01.09	03:00:00	4469.365	4469.986	4460.389	4464.219	12529	0	160
2026.01.09	04:00:00	4464.226	4466.874	4460.747	4464.783	7571	0	160
2026.01.09	05:00:00	4464.788	4471.736	4458.040	4468.157	13218	0	160
2026.01.09	06:00:00	4468.226	4477.388	4466.039	4474.162	14865	0	160
2026.01.09	07:00:00	4474.204	4475.545	4468.430	4470.230	9381	0	160
2026.01.09	08:00:00	4470.267	4476.785	4463.971	4468.492	11903	0	160
2026.01.09	09:00:00	4468.445	4477.674	4468.296	4471.203	9279	0	160
2026.01.09	10:00:00	4471.220	4474.344	4467.193	4472.637	7403	0	160
2026.01.09	11:00:00	4472.670	4476.212	4468.615	4475.430	8038	0	160
2026.01.09	12:00:00	4475.406	4480.601	4460.898	4465.953	13305	0	160
2026.01.09	13:00:00	4466.057	4491.969	4458.906	4482.777	38106	0	160
2026.01.09	14:00:00	4482.745	4498.150	4479.269	4494.539	45921	0	160
2026.01.09	15:00:00	4494.513	4517.180	4490.039	4512.272	35171	0	160
2026.01.09	16:00:00	4512.371	4514.408	4499.838	4506.525	23418	0	160
2026.01.09	17:00:00	4506.513	4511.732	4482.001	4484.546	20918	0	160
2026.01.09	18:00:00	4484.503	4504.616	4482.907	4496.021	20187	0	160
2026.01.09	19:00:00	4496.085	4501.927	4492.700	4499.322	11156	0	160
2026.01.09	20:00:00	4499.294	4510.146	4497.799	4507.629	13726	0	160
2026.01.09	21:00:00	4507.600	4511.179	4505.053	4509.075	6250	0	160
2026.01.11	23:00:00	4517.918	4545.010	4517.918	4539.960	13229	0	160
2026.01.12	00:00:00	4540.027	4601.220	4536.272	4588.948	33428	0	160
2026.01.12	01:00:00	4588.987	4594.993	4570.140	4570.140	49209	0	160
2026.01.12	02:00:00	4570.108	4582.217	4561.787	4577.477	27403	0	160
2026.01.12	03:00:00	4577.432	4581.449	4567.651	4570.658	15857	0	160
2026.01.12	04:00:00	4570.695	4572.065	4563.516	4568.609	11194	0	160
2026.01.12	05:00:00	4568.565	4585.100	4565.986	4581.025	17549	0	160
2026.01.12	06:00:00	4580.979	4580.979	4569.639	4578.421	15361	0	160
2026.01.12	07:00:00	4578.455	4589.641	4574.626	4587.700	15755	0	160
2026.01.12	08:00:00	4587.743	4598.311	4579.506	4596.747	16701	0	160
2026.01.12	09:00:00	4596.863	4599.354	4587.759	4589.117	13433	0	160
2026.01.12	10:00:00	4589.166	4595.436	4585.878	4594.206	12437	0	160
2026.01.12	11:00:00	4594.270	4594.898	4581.808	4585.272	11791	0	160
2026.01.12	12:00:00	4585.261	4590.761	4578.449	4590.508	14085	0	160
2026.01.12	13:00:00	4590.435	4620.453	4588.695	4615.806	28489	0	160
2026.01.12	14:00:00	4615.850	4617.363	4584.885	4602.226	53552	0	160
2026.01.12	15:00:00	4602.193	4627.426	4601.810	4621.268	33511	0	160
2026.01.12	16:00:00	4621.242	4630.183	4607.824	4616.948	23236	0	160
2026.01.12	17:00:00	4616.941	4620.648	4610.771	4616.469	18282	0	160
2026.01.12	18:00:00	4616.477	4618.617	4600.443	4610.738	19604	0	160
2026.01.12	19:00:00	4610.794	4619.056	4608.644	4611.105	11416	0	160
2026.01.12	20:00:00	4611.138	4611.760	4591.514	4593.806	19301	0	160
2026.01.12	21:00:00	4593.840	4597.275	4589.224	4596.711	9378	0	160
2026.01.12	23:00:00	4600.673	4603.593	4577.934	4599.371	15283	0	160
2026.01.13	00:00:00	4599.408	4599.697	4584.472	4587.454	11829	0	160
2026.01.13	01:00:00	4587.452	4595.779	4575.450	4577.984	29487	0	160
2026.01.13	02:00:00	4577.916	4595.054	4576.696	4594.245	17021	0	160
2026.01.13	03:00:00	4594.211	4599.717	4592.527	4594.166	11667	0	160
2026.01.13	04:00:00	4594.125	4599.738	4593.884	4596.501	8230	0	160
2026.01.13	05:00:00	4596.502	4602.247	4585.601	4592.164	15655	0	160
2026.01.13	06:00:00	4592.102	4592.361	4573.281	4581.585	18118	0	160
2026.01.13	07:00:00	4581.674	4587.236	4577.482	4580.548	12034	0	160
2026.01.13	08:00:00	4580.515	4597.225	4579.536	4592.785	13433	0	160
2026.01.13	09:00:00	4592.752	4595.735	4585.659	4586.197	9943	0	160
2026.01.13	10:00:00	4586.164	4588.289	4580.403	4586.300	9117	0	160
2026.01.13	11:00:00	4586.297	4592.014	4582.032	4588.503	9829	0	160
2026.01.13	12:00:00	4588.599	4595.195	4577.847	4593.218	10036	0	160
2026.01.13	13:00:00	4593.188	4621.052	4590.710	4611.565	33265	0	160
2026.01.13	14:00:00	4611.528	4634.774	4609.050	4629.894	37348	0	160
2026.01.13	15:00:00	4629.850	4630.291	4600.864	4619.104	39974	0	160
2026.01.13	16:00:00	4619.001	4620.796	4592.827	4613.306	24968	0	160
2026.01.13	17:00:00	4613.269	4616.064	4586.704	4590.502	21339	0	160
2026.01.13	18:00:00	4590.452	4602.088	4581.045	4594.198	27201	0	160
2026.01.13	19:00:00	4594.239	4599.020	4584.153	4597.503	19009	0	160
2026.01.13	20:00:00	4597.539	4597.876	4569.234	4586.045	23633	0	160
2026.01.13	21:00:00	4586.098	4589.919	4582.708	4586.552	8472	0	160
2026.01.13	23:00:00	4590.721	4598.857	4590.682	4597.136	6958	0	160
2026.01.14	00:00:00	4597.181	4610.741	4597.110	4609.153	12126	0	160
2026.01.14	01:00:00	4609.191	4619.966	4606.187	4619.160	22314	0	160
2026.01.14	02:00:00	4619.143	4623.618	4614.334	4620.633	17018	0	160
2026.01.14	03:00:00	4620.571	4630.088	4613.520	4628.238	13328	0	160
2026.01.14	04:00:00	4628.316	4630.562	4625.259	4629.468	9523	0	160
2026.01.14	05:00:00	4629.495	4639.887	4617.789	4619.823	23742	0	160
2026.01.14	06:00:00	4619.766	4637.223	4618.538	4637.223	21998	0	160
2026.01.14	07:00:00	4637.253	4639.584	4631.374	4632.634	11964	0	160
2026.01.14	08:00:00	4632.562	4637.912	4621.938	4634.917	16850	0	160
2026.01.14	09:00:00	4634.864	4639.668	4627.052	4630.422	11563	0	160
2026.01.14	10:00:00	4630.391	4638.190	4627.787	4633.025	10753	0	160
2026.01.14	11:00:00	4632.980	4637.518	4625.930	4630.328	11475	0	160
2026.01.14	12:00:00	4630.340	4641.989	4630.177	4638.782	14209	0	160
2026.01.14	13:00:00	4638.815	4641.783	4624.312	4635.839	30070	0	160
2026.01.14	14:00:00	4635.872	4638.794	4606.671	4617.582	40415	0	160
2026.01.14	15:00:00	4617.552	4626.505	4599.335	4617.855	40395	0	160
2026.01.14	16:00:00	4617.892	4624.844	4608.501	4616.995	26784	0	160
2026.01.14	17:00:00	4617.041	4619.189	4601.076	4614.239	27551	0	160
2026.01.14	18:00:00	4614.214	4637.171	4612.745	4635.077	20004	0	160
2026.01.14	19:00:00	4635.107	4643.164	4633.272	4639.223	18543	0	160
2026.01.14	20:00:00	4639.221	4641.566	4625.598	4632.498	29365	0	160
2026.01.14	21:00:00	4632.551	4633.061	4617.901	4626.038	12422	0	160
2026.01.14	23:00:00	4626.610	4626.949	4602.840	4615.294	15303	0	160
2026.01.15	00:00:00	4615.256	4618.187	4610.121	4615.335	12438	0	160
2026.01.15	01:00:00	4615.282	4617.412	4583.613	4600.055	42943	0	160
2026.01.15	02:00:00	4599.944	4614.714	4595.584	4602.831	24827	0	160
2026.01.15	03:00:00	4602.870	4604.388	4581.069	4592.282	27758	0	160
2026.01.15	04:00:00	4592.258	4597.489	4587.018	4592.233	15159	0	160
2026.01.15	05:00:00	4592.274	4599.006	4580.995	4595.213	20795	0	160
2026.01.15	06:00:00	4595.257	4612.104	4593.665	4610.261	20245	0	160
2026.01.15	07:00:00	4610.216	4613.611	4599.191	4601.818	13058	0	160
2026.01.15	08:00:00	4601.775	4607.150	4597.807	4604.308	14639	0	160
2026.01.15	09:00:00	4604.245	4613.071	4600.656	4612.605	11327	0	160
2026.01.15	10:00:00	4612.576	4620.643	4609.297	4619.803	10641	0	160
2026.01.15	11:00:00	4619.840	4623.032	4615.404	4619.132	10898	0	160
2026.01.15	12:00:00	4619.184	4620.792	4611.726	4613.952	11446	0	160
2026.01.15	13:00:00	4613.888	4616.137	4582.000	4588.413	34780	0	160
2026.01.15	14:00:00	4588.437	4615.181	4583.250	4610.958	40615	0	160
2026.01.15	15:00:00	4611.005	4618.093	4603.867	4615.473	28708	0	160
2026.01.15	16:00:00	4615.438	4624.902	4601.162	4605.624	25451	0	160
2026.01.15	17:00:00	4605.699	4616.995	4605.643	4616.439	14074	0	160
2026.01.15	18:00:00	4616.497	4621.292	4613.569	4617.591	15868	0	160
2026.01.15	19:00:00	4617.621	4621.733	4612.627	4615.794	10625	0	160
2026.01.15	20:00:00	4615.908	4616.308	4600.756	4605.761	18855	0	160
2026.01.15	21:00:00	4605.733	4616.456	4604.438	4615.670	6749	0	160
2026.01.15	23:00:00	4618.110	4620.994	4606.451	4610.284	9848	0	160
2026.01.16	00:00:00	4610.243	4611.358	4598.533	4600.026	12308	0	160
2026.01.16	01:00:00	4599.942	4608.553	4593.942	4600.504	22376	0	160
2026.01.16	02:00:00	4600.477	4604.241	4591.237	4594.891	21686	0	160
2026.01.16	03:00:00	4594.918	4599.694	4592.794	4596.491	10813	0	160
2026.01.16	04:00:00	4596.353	4602.017	4596.116	4601.087	6200	0	160
2026.01.16	05:00:00	4601.205	4616.198	4595.252	4611.542	12204	0	160
2026.01.16	06:00:00	4611.614	4612.336	4593.851	4597.967	18127	0	160
2026.01.16	07:00:00	4598.052	4612.020	4596.850	4607.513	14688	0	160
2026.01.16	08:00:00	4607.466	4610.688	4601.344	4603.185	11356	0	160
2026.01.16	09:00:00	4603.149	4608.488	4598.843	4600.449	8263	0	160
2026.01.16	10:00:00	4600.493	4611.170	4599.801	4600.216	9205	0	160
2026.01.16	11:00:00	4600.250	4616.152	4598.593	4612.471	10445	0	160
2026.01.16	12:00:00	4612.510	4613.013	4597.418	4601.755	12483	0	160
2026.01.16	13:00:00	4601.792	4605.596	4582.677	4601.890	33599	0	160
2026.01.16	14:00:00	4601.909	4614.823	4596.140	4607.981	29314	0	160
2026.01.16	15:00:00	4607.952	4620.563	4536.729	4571.398	75182	0	160
2026.01.16	16:00:00	4571.351	4599.058	4567.960	4591.494	44034	0	160
2026.01.16	17:00:00	4591.506	4593.088	4576.850	4581.460	23433	0	160
2026.01.16	18:00:00	4581.416	4596.056	4580.011	4582.656	20368	0	160
2026.01.16	19:00:00	4582.630	4592.464	4580.803	4590.572	14872	0	160
2026.01.16	20:00:00	4590.587	4596.046	4580.874	4581.986	14304	0	160
2026.01.16	21:00:00	4581.955	4598.544	4581.955	4596.588	11902	0	160
2026.01.18	23:00:00	4655.358	4690.700	4653.824	4672.573	25469	0	160
2026.01.19	00:00:00	4672.630	4682.114	4660.973	4675.351	23759	0	160
2026.01.19	01:00:00	4675.381	4678.351	4656.212	4657.369	37622	0	160
2026.01.19	02:00:00	4657.324	4665.073	4653.138	4662.391	20359	0	160
2026.01.19	03:00:00	4662.416	4669.902	4658.216	4658.521	13902	0	160
2026.01.19	04:00:00	4658.556	4666.043	4658.134	4663.069	8909	0	160
2026.01.19	05:00:00	4663.058	4674.307	4662.959	4669.968	11674	0	160
2026.01.19	06:00:00	4669.955	4679.037	4666.767	4678.008	11088	0	160
2026.01.19	07:00:00	4677.902	4678.529	4661.873	4665.186	13144	0	160
2026.01.19	08:00:00	4665.140	4673.846	4661.683	4663.672	12780	0	160
2026.01.19	09:00:00	4663.636	4672.921	4661.902	4668.423	9755	0	160
2026.01.19	10:00:00	4668.355	4671.257	4661.280	4663.821	8858	0	160
2026.01.19	11:00:00	4663.803	4667.569	4659.587	4660.705	10132	0	160
2026.01.19	12:00:00	4660.676	4673.744	4660.078	4671.958	10248	0	160
2026.01.19	13:00:00	4671.993	4673.707	4664.495	4666.116	12349	0	160
2026.01.19	14:00:00	4666.168	4670.295	4661.511	4666.594	11368	0	160
2026.01.19	15:00:00	4666.567	4676.059	4664.257	4674.329	12261	0	160
2026.01.19	16:00:00	4674.283	4675.622	4670.406	4672.183	7702	0	160
2026.01.19	17:00:00	4672.259	4678.833	4669.195	4676.236	6670	0	160
2026.01.19	18:00:00	4676.237	4680.490	4673.834	4676.540	6136	0	160
2026.01.19	19:00:00	4676.647	4676.752	4667.059	4670.928	4332	0	160
2026.01.19	23:00:00	4673.440	4673.595	4664.575	4665.406	6543	0	160
2026.01.20	00:00:00	4665.371	4668.045	4659.455	4660.504	8527	0	160
2026.01.20	01:00:00	4660.470	4676.125	4659.833	4669.702	16499	0	160
2026.01.20	02:00:00	4669.667	4674.781	4665.558	4668.686	14007	0	160
2026.01.20	03:00:00	4668.676	4681.609	4666.132	4680.176	10525	0	160
2026.01.20	04:00:00	4680.125	4697.143	4679.684	4695.232	11349	0	160
2026.01.20	05:00:00	4695.273	4716.890	4694.235	4714.591	18815	0	160
2026.01.20	06:00:00	4714.551	4717.125	4705.470	4712.532	20355	0	160
2026.01.20	07:00:00	4712.461	4722.775	4711.405	4716.168	14607	0	160
2026.01.20	08:00:00	4716.195	4731.519	4714.966	4729.230	17524	0	160
2026.01.20	09:00:00	4729.280	4737.424	4721.184	4732.404	14700	0	160
2026.01.20	10:00:00	4732.418	4735.025	4723.094	4726.524	12921	0	160
2026.01.20	11:00:00	4726.562	4735.418	4721.583	4733.029	9593	0	160
2026.01.20	12:00:00	4732.985	4732.985	4724.127	4727.526	11655	0	160
2026.01.20	13:00:00	4727.554	4738.492	4715.232	4737.092	33063	0	160
2026.01.20	14:00:00	4737.157	4751.171	4728.629	4741.252	53804	0	160
2026.01.20	15:00:00	4741.175	4748.566	4722.354	4737.495	47587	0	160
2026.01.20	16:00:00	4737.464	4757.894	4729.064	4753.631	25809	0	160
2026.01.20	17:00:00	4753.663	4762.444	4746.094	4759.263	18994	0	160
2026.01.20	18:00:00	4759.298	4766.367	4752.902	4759.359	16557	0	160
2026.01.20	19:00:00	4759.370	4766.298	4756.434	4760.696	12644	0	160
2026.01.20	20:00:00	4760.699	4761.125	4747.418	4756.616	17029	0	160
2026.01.20	21:00:00	4756.641	4763.976	4756.211	4763.376	31060	0	160
2026.01.20	23:00:00	4762.604	4781.083	4757.789	4775.878	9693	0	160
2026.01.21	00:00:00	4775.829	4787.732	4770.751	4784.700	12040	0	160
2026.01.21	01:00:00	4784.650	4844.399	4783.524	4835.302	39154	0	160
2026.01.21	02:00:00	4835.341	4842.159	4817.232	4836.690	26804	0	160
2026.01.21	03:00:00	4836.618	4849.968	4827.060	4845.003	21734	0	160
2026.01.21	04:00:00	4845.003	4871.035	4837.906	4865.859	16369	0	160
2026.01.21	05:00:00	4865.937	4878.241	4858.853	4869.955	21696	0	160
2026.01.21	06:00:00	4870.011	4888.495	4845.479	4847.640	31974	0	160
2026.01.21	07:00:00	4847.583	4857.196	4832.476	4855.166	28575	0	160
2026.01.21	08:00:00	4855.142	4869.713	4851.529	4854.677	18434	0	160
2026.01.21	09:00:00	4854.713	4877.102	4852.333	4860.292	17030	0	160
2026.01.21	10:00:00	4860.243	4866.752	4859.458	4862.180	13152	0	160
2026.01.21	11:00:00	4862.220	4871.558	4855.195	4866.812	12215	0	160
2026.01.21	12:00:00	4866.845	4870.963	4855.777	4865.009	15026	0	160
2026.01.21	13:00:00	4865.061	4880.344	4858.418	4879.398	26959	0	160
2026.01.21	14:00:00	4879.338	4880.975	4839.203	4852.150	68604	0	160
2026.01.21	15:00:00	4851.990	4868.666	4812.704	4847.815	62331	0	160
2026.01.21	16:00:00	4847.861	4855.790	4819.511	4833.336	43741	0	160
2026.01.21	17:00:00	4833.390	4834.351	4802.543	4826.180	43978	0	160
2026.01.21	18:00:00	4826.147	4850.735	4819.804	4850.147	28568	0	160
2026.01.21	19:00:00	4850.041	4854.103	4755.850	4781.264	88936	0	160
2026.01.21	20:00:00	4781.229	4827.834	4772.325	4826.665	56069	0	160
2026.01.21	21:00:00	4826.613	4839.807	4813.273	4828.746	17192	0	160
2026.01.21	23:00:00	4831.025	4831.112	4777.636	4778.381	17749	0	160
2026.01.22	00:00:00	4778.317	4798.831	4778.121	4798.160	22540	0	160
2026.01.22	01:00:00	4798.089	4809.639	4772.208	4797.915	35507	0	160
2026.01.22	02:00:00	4797.796	4798.370	4774.904	4788.979	24098	0	160
2026.01.22	03:00:00	4788.965	4796.993	4784.157	4796.604	14264	0	160
2026.01.22	04:00:00	4796.582	4800.519	4793.855	4797.355	11522	0	160
2026.01.22	05:00:00	4797.386	4821.628	4793.688	4821.283	14921	0	160
2026.01.22	06:00:00	4821.311	4829.247	4816.425	4826.534	15819	0	160
2026.01.22	07:00:00	4826.574	4838.815	4825.664	4832.684	13889	0	160
2026.01.22	08:00:00	4832.659	4835.648	4822.389	4830.719	13927	0	160
2026.01.22	09:00:00	4830.615	4838.000	4813.895	4823.101	16108	0	160
2026.01.22	10:00:00	4823.059	4831.851	4819.211	4829.026	11370	0	160
2026.01.22	11:00:00	4829.046	4836.466	4824.504	4831.124	10501	0	160
2026.01.22	12:00:00	4831.108	4832.560	4818.870	4819.839	12622	0	160
2026.01.22	13:00:00	4819.903	4835.273	4810.693	4822.181	26740	0	160
2026.01.22	14:00:00	4822.115	4847.751	4820.386	4835.251	34055	0	160
2026.01.22	15:00:00	4835.156	4873.721	4826.868	4871.710	35419	0	160
2026.01.22	16:00:00	4871.756	4885.521	4868.085	4878.080	26088	0	160
2026.01.22	17:00:00	4877.958	4906.342	4869.724	4904.519	32530	0	160
2026.01.22	18:00:00	4904.480	4919.380	4901.254	4915.979	24587	0	160
2026.01.22	19:00:00	4915.933	4924.477	4905.936	4911.663	17274	0	160
2026.01.22	20:00:00	4911.700	4928.411	4911.393	4916.994	17270	0	160
2026.01.22	21:00:00	4916.946	4940.818	4914.521	4936.220	11518	0	160
2026.01.22	23:00:00	4944.346	4960.587	4930.713	4958.972	17562	0	160
2026.01.23	00:00:00	4959.011	4965.781	4947.585	4965.051	16483	0	160
2026.01.23	01:00:00	4965.085	4967.535	4936.266	4953.624	36778	0	160
2026.01.23	02:00:00	4953.581	4962.261	4946.884	4955.589	14877	0	160
2026.01.23	03:00:00	4955.632	4959.015	4938.225	4952.007	17345	0	160
2026.01.23	04:00:00	4951.971	4958.360	4950.184	4956.283	7682	0	160
2026.01.23	05:00:00	4956.259	4967.307	4954.507	4960.654	9473	0	160
2026.01.23	06:00:00	4960.628	4962.959	4945.514	4953.708	18630	0	160
2026.01.23	07:00:00	4953.733	4959.588	4943.340	4944.413	15610	0	160
2026.01.23	08:00:00	4944.349	4947.579	4901.296	4913.776	30612	0	160
2026.01.23	09:00:00	4913.884	4921.706	4899.542	4918.577	24114	0	160
2026.01.23	10:00:00	4918.538	4932.374	4915.662	4929.871	14703	0	160
2026.01.23	11:00:00	4929.821	4929.969	4911.967	4922.962	15111	0	160
2026.01.23	12:00:00	4922.999	4942.585	4918.292	4939.264	15891	0	160
2026.01.23	13:00:00	4939.239	4947.993	4923.818	4938.919	38441	0	160
2026.01.23	14:00:00	4938.979	4956.538	4932.804	4943.153	31753	0	160
2026.01.23	15:00:00	4943.231	4963.375	4938.434	4960.584	32005	0	160
2026.01.23	16:00:00	4960.611	4988.334	4959.077	4980.297	28704	0	160
2026.01.23	17:00:00	4980.335	4988.104	4962.064	4965.998	24711	0	160
2026.01.23	18:00:00	4966.032	4984.119	4958.231	4966.792	26791	0	160
2026.01.23	19:00:00	4966.818	4989.804	4966.818	4984.331	15981	0	160
2026.01.23	20:00:00	4984.297	4985.729	4970.597	4981.517	21827	0	160
2026.01.23	21:00:00	4981.478	4989.050	4978.031	4988.337	9030	0	160
2026.01.25	23:00:00	5019.847	5040.296	5003.575	5039.789	30605	0	160
2026.01.26	00:00:00	5039.821	5052.099	5030.552	5041.830	25017	0	160
2026.01.26	01:00:00	5041.689	5085.699	5029.075	5071.195	46936	0	160
2026.01.26	02:00:00	5071.221	5093.104	5067.022	5081.120	35245	0	160
2026.01.26	03:00:00	5081.060	5087.955	5070.008	5076.541	27431	0	160
2026.01.26	04:00:00	5076.643	5078.008	5058.121	5070.445	18144	0	160
2026.01.26	05:00:00	5070.362	5076.465	5052.310	5074.295	33516	0	160
2026.01.26	06:00:00	5074.343	5111.144	5065.319	5077.886	37987	0	160
2026.01.26	07:00:00	5077.807	5095.701	5074.034	5089.275	21291	0	160
2026.01.26	08:00:00	5089.234	5098.284	5080.015	5083.341	20438	0	160
2026.01.26	09:00:00	5083.285	5098.657	5075.446	5084.082	21494	0	160
2026.01.26	10:00:00	5084.113	5095.074	5078.707	5091.639	16813	0	160
2026.01.26	11:00:00	5091.612	5092.833	5078.591	5091.438	13894	0	160
2026.01.26	12:00:00	5091.406	5096.982	5077.224	5078.886	20661	0	160
2026.01.26	13:00:00	5078.846	5083.311	5054.528	5068.552	36255	0	160
2026.01.26	14:00:00	5068.522	5096.954	5058.257	5096.269	43817	0	160
2026.01.26	15:00:00	5096.318	5097.348	5073.834	5090.917	44425	0	160
2026.01.26	16:00:00	5090.819	5104.997	5065.288	5089.514	51170	0	160
2026.01.26	17:00:00	5089.562	5105.153	5080.781	5100.936	32925	0	160
2026.01.26	18:00:00	5100.974	5103.276	5057.875	5068.873	63472	0	160
2026.01.26	19:00:00	5069.015	5069.722	5008.218	5028.697	101860	0	160
2026.01.26	20:00:00	5028.662	5062.342	5026.170	5055.193	61356	0	160
2026.01.26	21:00:00	5055.251	5059.292	4989.632	5009.206	52986	0	160
2026.01.26	23:00:00	5029.858	5061.533	5018.873	5043.629	19983	0	160
2026.01.27	00:00:00	5043.588	5053.998	5013.485	5032.697	26602	0	160
2026.01.27	01:00:00	5032.725	5075.924	5018.832	5060.400	54816	0	160
2026.01.27	02:00:00	5060.365	5079.843	5049.591	5072.436	26900	0	160
2026.01.27	03:00:00	5072.477	5079.121	5060.201	5076.871	21932	0	160
2026.01.27	04:00:00	5076.808	5078.610	5061.513	5067.968	16973	0	160
2026.01.27	05:00:00	5067.919	5085.288	5057.336	5082.990	21978	0	160
2026.01.27	06:00:00	5082.906	5094.066	5076.573	5085.824	21987	0	160
2026.01.27	07:00:00	5085.868	5100.962	5081.597	5086.128	28270	0	160
2026.01.27	08:00:00	5086.063	5088.356	5073.299	5079.418	22657	0	160
2026.01.27	09:00:00	5079.353	5099.601	5077.940	5098.723	18943	0	160
2026.01.27	10:00:00	5098.693	5098.693	5081.890	5086.163	17579	0	160
2026.01.27	11:00:00	5086.201	5090.949	5066.820	5076.734	17184	0	160
2026.01.27	12:00:00	5076.702	5091.210	5073.588	5085.037	22364	0	160
2026.01.27	13:00:00	5085.017	5092.975	5069.493	5077.456	38719	0	160
2026.01.27	14:00:00	5077.494	5082.465	5046.496	5054.261	77522	0	160
2026.01.27	15:00:00	5054.226	5091.466	5047.509	5091.077	61699	0	160
2026.01.27	16:00:00	5091.040	5103.130	5083.378	5087.504	39432	0	160
2026.01.27	17:00:00	5087.454	5094.217	5076.677	5081.340	40614	0	160
2026.01.27	18:00:00	5081.310	5095.426	5076.186	5088.052	33045	0	160
2026.01.27	19:00:00	5088.006	5099.999	5081.171	5098.926	17086	0	160
2026.01.27	20:00:00	5098.952	5182.485	5097.854	5176.499	90594	0	160
2026.01.27	21:00:00	5176.597	5190.490	5169.466	5180.515	33958	0	160
2026.01.27	23:00:00	5177.132	5177.256	5159.074	5172.433	16220	0	160
2026.01.28	00:00:00	5172.389	5180.100	5157.059	5171.933	22187	0	160
2026.01.28	01:00:00	5171.877	5225.257	5168.738	5204.765	61939	0	160
2026.01.28	02:00:00	5204.737	5234.402	5201.611	5231.849	39956	0	160
2026.01.28	03:00:00	5231.804	5247.780	5224.554	5235.049	32221	0	160
2026.01.28	04:00:00	5234.986	5248.970	5232.359	5245.639	16832	0	160
2026.01.28	05:00:00	5245.583	5266.523	5241.647	5261.216	28006	0	160
2026.01.28	06:00:00	5261.187	5271.390	5252.097	5269.840	26096	0	160
2026.01.28	07:00:00	5269.915	5292.803	5263.000	5290.397	26428	0	160
2026.01.28	08:00:00	5290.353	5311.542	5280.758	5293.649	38310	0	160
2026.01.28	09:00:00	5293.589	5297.426	5262.838	5277.991	29899	0	160
2026.01.28	10:00:00	5278.033	5285.636	5269.319	5269.962	21681	0	160
2026.01.28	11:00:00	5269.973	5270.792	5238.576	5261.638	32793	0	160
2026.01.28	12:00:00	5261.700	5279.236	5251.651	5279.157	29854	0	160
2026.01.28	13:00:00	5279.124	5289.585	5257.022	5266.626	44822	0	160
2026.01.28	14:00:00	5266.654	5288.677	5248.485	5286.064	61358	0	160
2026.01.28	15:00:00	5286.172	5298.152	5235.248	5278.235	110187	0	160
2026.01.28	16:00:00	5278.276	5300.199	5274.470	5299.753	52235	0	160
2026.01.28	17:00:00	5299.790	5307.037	5283.043	5298.136	40330	0	160
2026.01.28	18:00:00	5298.233	5326.162	5268.483	5283.597	67780	0	160
2026.01.28	19:00:00	5283.487	5332.236	5269.346	5325.429	79199	0	160
2026.01.28	20:00:00	5325.374	5391.525	5320.898	5376.793	83871	0	160
2026.01.28	21:00:00	5376.828	5417.555	5376.828	5417.504	39541	0	160
2026.01.28	23:00:00	5448.139	5570.018	5432.519	5513.022	63904	0	160
2026.01.29	00:00:00	5512.989	5527.276	5450.422	5520.301	63928	0	160
2026.01.29	01:00:00	5520.413	5551.669	5445.471	5545.787	100197	0	160
2026.01.29	02:00:00	5545.740	5550.123	5504.551	5535.797	64838	0	160
2026.01.29	03:00:00	5535.774	5548.925	5508.482	5545.769	51499	0	160
2026.01.29	04:00:00	5545.731	5564.593	5533.596	5558.391	35391	0	160
2026.01.29	05:00:00	5558.328	5564.481	5516.108	5562.619	50162	0	160
2026.01.29	06:00:00	5562.647	5595.349	5554.806	5561.687	53457	0	160
2026.01.29	07:00:00	5561.609	5575.005	5536.964	5548.984	52478	0	160
2026.01.29	08:00:00	5548.949	5554.941	5473.966	5509.804	69774	0	160
2026.01.29	09:00:00	5509.714	5529.684	5498.018	5514.147	39690	0	160
2026.01.29	10:00:00	5514.115	5525.283	5482.215	5483.389	32196	0	160
2026.01.29	11:00:00	5483.437	5528.813	5470.739	5522.666	25864	0	160
2026.01.29	12:00:00	5522.639	5542.958	5518.484	5534.234	23507	0	160
2026.01.29	13:00:00	5534.270	5540.864	5500.205	5510.376	33701	0	160
2026.01.29	14:00:00	5510.403	5549.504	5491.126	5497.640	62166	0	160
2026.01.29	15:00:00	5497.341	5497.341	5094.978	5182.895	141073	0	160
2026.01.29	16:00:00	5182.780	5311.274	5172.031	5264.023	91933	0	160
2026.01.29	17:00:00	5264.077	5375.460	5264.077	5335.284	70842	0	160
2026.01.29	18:00:00	5335.335	5362.127	5307.978	5339.037	56535	0	160
2026.01.29	19:00:00	5339.098	5345.338	5290.220	5305.702	55280	0	160
2026.01.29	20:00:00	5305.771	5407.072	5282.791	5394.512	42425	0	160
2026.01.29	21:00:00	5394.432	5425.967	5374.608	5377.505	29968	0	160
2026.01.29	23:00:00	5400.815	5448.551	5388.252	5438.589	40200	0	160
2026.01.30	00:00:00	5438.551	5450.946	5389.899	5407.066	56105	0	160
2026.01.30	01:00:00	5407.098	5409.744	5291.364	5301.712	130731	0	160
2026.01.30	02:00:00	5301.612	5312.879	5112.046	5224.736	236819	0	160
2026.01.30	03:00:00	5224.816	5229.882	5150.709	5196.573	112084	0	160
2026.01.30	04:00:00	5196.535	5230.854	5193.790	5214.833	60827	0	160
2026.01.30	05:00:00	5214.771	5241.616	5180.053	5184.845	60947	0	160
2026.01.30	06:00:00	5184.981	5205.301	5145.544	5155.843	83815	0	160
2026.01.30	07:00:00	5155.919	5186.706	5117.625	5181.217	88876	0	160
2026.01.30	08:00:00	5181.171	5181.171	5055.990	5117.325	112051	0	160
2026.01.30	09:00:00	5117.330	5132.854	4940.267	5013.603	201187	0	160
2026.01.30	10:00:00	5013.490	5122.632	5001.005	5119.757	108273	0	160
2026.01.30	11:00:00	5119.702	5144.841	5089.698	5136.072	74729	0	160
2026.01.30	12:00:00	5136.100	5145.896	5055.443	5064.738	97324	0	160
2026.01.30	13:00:00	5064.541	5099.942	4991.925	5019.419	133933	0	160
2026.01.30	14:00:00	5019.451	5113.635	5014.309	5033.014	138792	0	160
2026.01.30	15:00:00	5033.129	5074.033	4980.398	5050.424	95297	0	160
2026.01.30	16:00:00	5050.472	5051.665	4942.060	4985.359	88315	0	160
2026.01.30	17:00:00	4985.286	4986.077	4801.145	4849.920	104723	0	160
2026.01.30	18:00:00	4849.813	4894.437	4682.526	4880.538	150026	0	160
2026.01.30	19:00:00	4880.573	4947.832	4840.093	4932.661	79400	0	160
2026.01.30	20:00:00	4932.701	4932.978	4809.015	4847.953	69644	0	160
2026.01.30	21:00:00	4847.569	4893.020	4831.706	4891.496	31740	0	160
2026.02.01	23:00:00	4793.519	4819.788	4697.912	4741.422	41133	0	160
2026.02.02	00:00:00	4741.564	4884.890	4740.112	4766.976	73167	0	160
2026.02.02	01:00:00	4766.909	4784.802	4585.331	4737.008	105103	0	160
2026.02.02	02:00:00	4736.896	4773.092	4698.051	4711.047	69582	0	160
2026.02.02	03:00:00	4711.105	4729.470	4630.285	4646.594	72551	0	160
2026.02.02	04:00:00	4646.496	4713.487	4603.508	4679.776	60521	0	160
2026.02.02	05:00:00	4679.655	4696.946	4498.094	4549.374	79473	0	160
2026.02.02	06:00:00	4549.337	4573.530	4401.961	4504.003	104842	0	160
2026.02.02	07:00:00	4504.445	4619.114	4484.777	4587.175	68088	0	160
2026.02.02	08:00:00	4587.237	4651.402	4561.542	4640.795	55364	0	160
2026.02.02	09:00:00	4640.851	4731.497	4603.466	4719.567	63725	0	160
2026.02.02	10:00:00	4719.534	4734.027	4657.228	4705.788	49470	0	160
2026.02.02	11:00:00	4705.763	4779.775	4703.605	4766.028	44565	0	160
2026.02.02	12:00:00	4765.857	4812.462	4743.117	4794.221	44237	0	160
2026.02.02	13:00:00	4794.157	4803.863	4669.435	4706.167	86680	0	160
2026.02.02	14:00:00	4706.269	4794.414	4679.993	4719.176	82737	0	160
2026.02.02	15:00:00	4719.569	4745.596	4617.049	4619.977	94439	0	160
2026.02.02	16:00:00	4620.053	4708.893	4596.499	4665.750	67055	0	160
2026.02.02	17:00:00	4665.838	4714.059	4656.421	4674.072	41627	0	160
2026.02.02	18:00:00	4674.129	4674.276	4618.285	4658.018	47566	0	160
2026.02.02	19:00:00	4657.915	4712.940	4631.413	4685.389	33422	0	160
2026.02.02	20:00:00	4685.485	4700.707	4647.337	4652.235	42322	0	160
2026.02.02	21:00:00	4652.351	4687.352	4643.759	4658.154	22391	0	160
2026.02.02	23:00:00	4685.104	4775.102	4681.962	4774.148	21390	0	240
2026.02.03	00:00:00	4774.235	4831.097	4766.164	4780.392	34837	0	160
2026.02.03	01:00:00	4780.290	4856.919	4766.580	4841.617	59666	0	160
2026.02.03	02:00:00	4841.475	4842.123	4745.469	4783.209	55601	0	160
2026.02.03	03:00:00	4783.154	4813.398	4751.924	4809.004	38040	0	160
2026.02.03	04:00:00	4809.176	4825.477	4800.841	4809.128	23033	0	160
2026.02.03	05:00:00	4809.238	4842.078	4809.131	4825.097	25634	0	160
2026.02.03	06:00:00	4825.180	4894.239	4816.573	4881.163	37808	0	160
2026.02.03	07:00:00	4881.243	4933.738	4871.770	4917.095	24009	0	160
2026.02.03	08:00:00	4917.165	4949.853	4898.547	4912.498	23918	0	160
2026.02.03	09:00:00	4912.459	4926.136	4884.691	4916.080	22580	0	160
2026.02.03	10:00:00	4916.065	4929.714	4901.696	4902.434	15335	0	160
2026.02.03	11:00:00	4902.506	4919.234	4883.513	4916.715	17760	0	160
2026.02.03	12:00:00	4916.917	4936.130	4892.211	4913.763	21374	0	160
2026.02.03	13:00:00	4913.685	4950.953	4902.328	4932.686	36802	0	160
2026.02.03	14:00:00	4932.831	4936.427	4893.569	4917.249	45618	0	160
2026.02.03	15:00:00	4916.886	4948.309	4904.555	4935.318	40809	0	160
2026.02.03	16:00:00	4935.437	4993.649	4929.848	4955.650	35123	0	160
2026.02.03	17:00:00	4955.536	4969.718	4907.260	4929.189	52681	0	160
2026.02.03	18:00:00	4929.116	4954.039	4884.773	4908.462	44942	0	160
2026.02.03	19:00:00	4908.540	4948.902	4880.340	4927.250	36456	0	160
2026.02.03	20:00:00	4927.168	4956.866	4902.293	4944.438	26719	0	160
2026.02.03	21:00:00	4944.526	4964.278	4933.386	4946.436	10981	0	160
2026.02.03	23:00:00	4958.639	4972.010	4909.685	4947.236	16357	0	160
2026.02.04	00:00:00	4947.389	5016.353	4945.697	5015.604	28399	0	240
2026.02.04	01:00:00	5015.609	5053.583	4985.035	5046.482	38746	0	240
2026.02.04	02:00:00	5046.555	5065.414	5035.511	5040.484	19405	0	240
2026.02.04	03:00:00	5040.213	5073.597	5036.106	5069.922	16252	0	240
2026.02.04	04:00:00	5070.008	5081.265	5056.293	5080.471	8941	0	240
2026.02.04	05:00:00	5080.613	5090.265	5069.210	5079.597	13206	0	240
2026.02.04	06:00:00	5079.675	5082.898	5050.961	5076.585	18850	0	240
2026.02.04	07:00:00	5076.510	5091.390	5062.198	5084.685	12390	0	240
2026.02.04	08:00:00	5084.601	5091.855	5068.608	5083.416	12767	0	240
2026.02.04	09:00:00	5083.490	5086.903	5042.818	5060.088	17015	0	240
2026.02.04	10:00:00	5060.183	5064.429	5041.448	5048.614	13241	0	240
2026.02.04	11:00:00	5048.705	5053.660	5013.489	5047.674	14788	0	240
2026.02.04	12:00:00	5047.564	5063.249	5036.190	5040.872	12141	0	240
2026.02.04	13:00:00	5041.024	5063.527	5023.009	5053.930	25170	0	240
2026.02.04	14:00:00	5054.014	5059.136	4966.751	4986.388	59006	0	240
2026.02.04	15:00:00	4986.189	5007.715	4887.336	4920.489	66869	0	240
2026.02.04	16:00:00	4920.112	4940.019	4852.203	4904.518	59542	0	160
2026.02.04	17:00:00	4904.436	4930.900	4888.117	4898.184	43442	0	160
2026.02.04	18:00:00	4898.140	4935.136	4872.884	4927.414	30127	0	160
2026.02.04	19:00:00	4927.516	4958.020	4914.599	4941.815	21147	0	160
2026.02.04	20:00:00	4941.764	4951.955	4914.187	4938.664	18093	0	160
2026.02.04	21:00:00	4938.570	4970.658	4937.662	4965.131	7266	0	160
2026.02.04	23:00:00	4969.623	5023.771	4968.977	5012.195	10382	0	240
2026.02.05	00:00:00	5012.269	5020.510	4996.859	5006.725	14958	0	240
2026.02.05	01:00:00	5006.820	5012.066	4936.060	4958.921	47882	0	160
2026.02.05	02:00:00	4959.011	4962.036	4804.651	4811.923	80173	0	160
2026.02.05	03:00:00	4811.997	4888.288	4788.571	4880.524	56606	0	160
2026.02.05	04:00:00	4880.448	4891.199	4863.229	4863.721	23506	0	160
2026.02.05	05:00:00	4863.559	4906.686	4826.343	4896.149	34043	0	160
2026.02.05	06:00:00	4896.232	4934.183	4877.697	4920.370	30842	0	160
2026.02.05	07:00:00	4920.229	4940.979	4895.746	4915.076	24500	0	160
2026.02.05	08:00:00	4915.205	4943.563	4901.150	4912.119	24651	0	160
2026.02.05	09:00:00	4912.043	4914.269	4849.283	4855.142	36221	0	160
2026.02.05	10:00:00	4854.969	4886.933	4847.247	4877.082	24864	0	160
2026.02.05	11:00:00	4877.070	4894.605	4864.502	4868.270	14978	0	160
2026.02.05	12:00:00	4868.285	4877.993	4810.728	4854.024	39981	0	160
2026.02.05	13:00:00	4853.946	4868.155	4802.018	4835.597	54773	0	160
2026.02.05	14:00:00	4835.332	4869.998	4805.773	4846.507	66626	0	160
2026.02.05	15:00:00	4845.979	4865.655	4800.553	4817.668	61348	0	160
2026.02.05	16:00:00	4817.565	4906.864	4812.275	4888.789	49972	0	160
2026.02.05	17:00:00	4888.647	4890.784	4859.023	4869.299	31905	0	160
2026.02.05	18:00:00	4869.249	4875.330	4851.152	4858.207	27624	0	160
2026.02.05	19:00:00	4858.123	4865.264	4823.399	4829.338	22036	0	160
2026.02.05	20:00:00	4829.446	4843.154	4792.747	4811.351	24725	0	160
2026.02.05	21:00:00	4811.211	4826.126	4759.378	4776.808	19017	0	160
2026.02.05	23:00:00	4761.196	4781.944	4703.368	4703.768	17303	0	160
2026.02.06	00:00:00	4703.682	4764.497	4655.213	4762.782	51142	0	160
2026.02.06	01:00:00	4762.707	4784.940	4693.758	4774.162	63824	0	160
2026.02.06	02:00:00	4774.222	4846.460	4760.338	4816.580	36778	0	160
2026.02.06	03:00:00	4816.509	4839.136	4800.684	4824.288	21237	0	160
2026.02.06	04:00:00	4824.155	4831.680	4807.031	4813.801	11630	0	160
2026.02.06	05:00:00	4813.750	4897.941	4807.641	4897.571	20628	0	160
2026.02.06	06:00:00	4897.494	4903.302	4825.386	4846.492	26246	0	192
2026.02.06	07:00:00	4846.411	4861.727	4838.272	4841.047	14241	0	192
2026.02.06	08:00:00	4840.992	4882.470	4829.588	4862.070	23086	0	192
2026.02.06	09:00:00	4862.042	4872.670	4838.064	4866.646	17701	0	176
2026.02.06	10:00:00	4866.793	4879.947	4851.532	4878.469	10584	0	176
2026.02.06	11:00:00	4878.364	4895.871	4863.907	4887.059	12120	0	176
2026.02.06	12:00:00	4887.151	4903.470	4871.117	4900.375	13712	0	192
2026.02.06	13:00:00	4900.451	4938.378	4897.155	4928.933	26375	0	192
2026.02.06	14:00:00	4928.902	4950.142	4894.473	4947.915	29241	0	192
2026.02.06	15:00:00	4948.242	4964.721	4928.513	4943.389	26222	0	192
2026.02.06	16:00:00	4943.562	4953.652	4921.855	4951.544	18674	0	160
2026.02.06	17:00:00	4951.622	4968.610	4948.209	4960.530	12757	0	160
2026.02.06	18:00:00	4960.314	4971.478	4943.668	4962.606	10971	0	160
2026.02.06	19:00:00	4962.527	4963.294	4948.560	4957.186	6868	0	160
2026.02.06	20:00:00	4957.029	4959.114	4936.541	4953.297	10228	0	160
2026.02.06	21:00:00	4953.389	4968.285	4946.451	4968.145	5958	0	160
2026.02.08	23:00:00	4967.633	5046.837	4964.697	5035.944	13778	0	240
2026.02.09	00:00:00	5036.019	5044.905	5011.747	5019.978	18390	0	240
2026.02.09	01:00:00	5019.925	5042.000	4975.966	4982.645	26833	0	240
2026.02.09	02:00:00	4982.722	5017.653	4968.921	5007.379	16704	0	240
2026.02.09	03:00:00	5007.387	5031.478	5005.692	5016.251	11085	0	240
2026.02.09	04:00:00	5016.188	5024.910	5007.221	5012.110	8363	0	240
2026.02.09	05:00:00	5012.092	5041.637	5011.140	5037.070	11678	0	240
2026.02.09	06:00:00	5036.903	5045.748	5013.865	5031.062	15127	0	240
2026.02.09	07:00:00	5031.191	5031.257	4997.244	5006.457	13706	0	240
2026.02.09	08:00:00	5006.543	5035.648	5002.908	5027.394	10084	0	160
2026.02.09	09:00:00	5027.467	5040.932	5002.833	5007.909	10671	0	240
2026.02.09	10:00:00	5007.984	5015.141	4982.047	4991.027	16264	0	240
2026.02.09	11:00:00	4991.047	5017.894	4988.412	5010.686	12326	0	240
2026.02.09	12:00:00	5010.957	5021.772	5007.277	5013.398	11278	0	240
2026.02.09	13:00:00	5013.209	5024.640	4994.983	5007.194	19818	0	160
2026.02.09	14:00:00	5007.081	5040.628	5002.253	5038.034	20925	0	160
2026.02.09	15:00:00	5037.911	5060.253	5023.724	5058.796	16470	0	240
2026.02.09	16:00:00	5058.847	5080.696	5056.415	5073.514	11699	0	240
2026.02.09	17:00:00	5073.596	5075.438	5040.941	5046.094	10371	0	240
2026.02.09	18:00:00	5046.320	5064.042	5043.892	5062.891	10387	0	240
2026.02.09	19:00:00	5062.838	5079.964	5062.405	5074.580	6442	0	240
2026.02.09	20:00:00	5074.643	5086.697	5072.218	5079.742	7822	0	240
2026.02.09	21:00:00	5079.816	5083.056	5047.924	5060.084	7503	0	240
2026.02.09	23:00:00	5072.034	5075.112	4987.309	5031.903	16376	0	240
2026.02.10	00:00:00	5031.829	5048.164	5008.975	5018.626	15740	0	240
2026.02.10	01:00:00	5018.545	5037.915	5012.235	5032.711	22425	0	240
2026.02.10	02:00:00	5032.613	5056.440	5031.690	5038.452	14586	0	240
2026.02.10	03:00:00	5038.091	5038.103	5016.323	5029.982	11952	0	240
2026.02.10	04:00:00	5030.086	5033.933	5017.810	5031.699	7743	0	240
2026.02.10	05:00:00	5031.477	5040.372	5011.132	5039.241	10200	0	240
2026.02.10	06:00:00	5039.164	5045.439	5018.986	5024.603	12524	0	240
2026.02.10	07:00:00	5024.732	5036.105	5018.388	5033.970	12433	0	240
2026.02.10	08:00:00	5033.817	5054.893	5028.857	5041.636	10758	0	240
2026.02.10	09:00:00	5041.565	5063.008	5040.521	5046.743	9949	0	240
2026.02.10	10:00:00	5046.943	5058.158	5036.990	5047.073	9058	0	240
2026.02.10	11:00:00	5046.997	5057.361	5044.339	5055.911	6651	0	240
2026.02.10	12:00:00	5055.876	5057.118	5019.361	5032.075	11679	0	240
2026.02.10	13:00:00	5032.278	5058.777	5026.287	5051.048	13177	0	240
2026.02.10	14:00:00	5051.033	5078.663	5020.474	5039.734	22487	0	240
2026.02.10	15:00:00	5039.651	5047.993	4998.720	5019.710	24097	0	240
2026.02.10	16:00:00	5019.675	5026.528	5005.519	5023.700	16932	0	160
2026.02.10	17:00:00	5023.597	5040.058	5020.686	5026.344	8549	0	160
2026.02.10	18:00:00	5026.268	5027.897	5004.513	5013.256	12102	0	160
2026.02.10	19:00:00	5013.174	5030.105	5008.814	5028.069	7375	0	160
2026.02.10	20:00:00	5028.027	5045.424	5020.116	5030.357	8256	0	240
2026.02.10	21:00:00	5030.283	5032.579	5020.347	5023.044	17849	0	240
2026.02.10	23:00:00	5027.377	5054.379	5027.377	5041.550	6571	0	240
2026.02.11	00:00:00	5041.616	5049.448	5028.156	5037.833	9361	0	240
2026.02.11	01:00:00	5037.933	5052.763	5030.300	5052.332	11454	0	240
2026.02.11	02:00:00	5052.429	5057.812	5032.495	5055.627	9447	0	240
2026.02.11	03:00:00	5055.484	5061.003	5045.026	5054.498	7029	0	240
2026.02.11	04:00:00	5054.497	5059.532	5045.699	5046.367	5083	0	240
2026.02.11	05:00:00	5046.398	5064.089	5043.371	5052.527	7762	0	240
2026.02.11	06:00:00	5052.832	5064.559	5049.454	5064.230	8841	0	240
2026.02.11	07:00:00	5064.068	5069.129	5048.675	5055.473	11419	0	240
2026.02.11	08:00:00	5055.310	5060.301	5045.655	5053.550	7413	0	240
2026.02.11	09:00:00	5053.740	5072.095	5047.061	5062.716	7798	0	240
2026.02.11	10:00:00	5062.811	5101.814	5062.443	5093.373	13520	0	240
2026.02.11	11:00:00	5093.045	5116.804	5082.395	5111.590	9961	0	240
2026.02.11	12:00:00	5111.667	5119.259	5050.177	5083.503	17072	0	240
2026.02.11	13:00:00	5083.430	5090.126	5019.052	5065.710	32025	0	160
2026.02.11	14:00:00	5065.691	5082.808	5035.681	5059.453	26480	0	240
2026.02.11	15:00:00	5059.527	5081.880	5039.122	5060.323	28148	0	240
2026.02.11	16:00:00	5060.176	5078.240	5042.701	5075.109	16303	0	240
2026.02.11	17:00:00	5075.032	5098.948	5068.107	5091.523	11156	0	240
2026.02.11	18:00:00	5091.539	5092.919	5066.571	5082.166	12052	0	240
2026.02.11	19:00:00	5082.292	5094.214	5076.404	5082.107	8744	0	240
2026.02.11	20:00:00	5082.023	5090.334	5078.142	5086.822	7188	0	240
2026.02.11	21:00:00	5086.894	5092.816	5069.715	5082.394	6158	0	240
2026.02.11	23:00:00	5099.339	5100.162	5053.004	5061.397	8672	0	240
2026.02.12	00:00:00	5061.305	5067.472	5049.930	5063.183	13010	0	240
2026.02.12	01:00:00	5062.994	5063.972	5045.111	5063.348	13861	0	240
2026.02.12	02:00:00	5063.605	5072.828	5054.784	5065.816	9780	0	240
2026.02.12	03:00:00	5065.894	5074.640	5054.680	5056.963	7700	0	240
2026.02.12	04:00:00	5056.990	5070.041	5050.922	5069.318	5492	0	240
2026.02.12	05:00:00	5069.235	5078.212	5064.400	5075.468	8110	0	240
2026.02.12	06:00:00	5075.526	5076.292	5046.966	5059.670	10085	0	240
2026.02.12	07:00:00	5059.752	5066.396	5051.732	5063.736	6770	0	240
2026.02.12	08:00:00	5063.929	5073.515	5052.173	5068.328	7525	0	240
2026.02.12	09:00:00	5068.416	5080.985	5066.108	5073.313	6606	0	240
2026.02.12	10:00:00	5073.305	5076.900	5056.145	5062.131	7163	0	240
2026.02.12	11:00:00	5062.032	5068.259	5059.415	5063.966	5317	0	240
2026.02.12	12:00:00	5064.017	5068.574	5048.733	5052.582	7443	0	240
2026.02.12	13:00:00	5052.684	5083.763	5051.353	5075.319	10002	0	240
2026.02.12	14:00:00	5075.230	5077.795	5039.030	5044.471	19918	0	240
2026.02.12	15:00:00	5044.290	5074.830	5039.587	5060.623	12616	0	240
2026.02.12	16:00:00	5060.528	5068.304	4878.366	4954.448	106522	0	240
2026.02.12	17:00:00	4954.644	4983.054	4939.469	4941.078	39589	0	160
2026.02.12	18:00:00	4941.015	4952.254	4906.388	4935.828	35150	0	160
2026.02.12	19:00:00	4935.768	4958.293	4927.991	4945.686	19230	0	160
2026.02.12	20:00:00	4945.604	4948.378	4910.940	4915.215	18185	0	160
2026.02.12	21:00:00	4915.089	4926.845	4911.588	4922.280	7562	0	160
2026.02.12	23:00:00	4893.140	4928.383	4887.646	4920.302	10709	0	176
2026.02.13	00:00:00	4920.054	4948.543	4913.787	4928.091	15564	0	160
2026.02.13	01:00:00	4928.165	4988.905	4926.962	4980.569	20055	0	240
2026.02.13	02:00:00	4980.601	4991.736	4972.198	4988.555	11642	0	240
2026.02.13	03:00:00	4988.415	4989.257	4973.874	4981.499	7784	0	160
2026.02.13	04:00:00	4981.466	4997.235	4972.791	4976.598	6682	0	240
2026.02.13	05:00:00	4976.803	4986.432	4944.863	4946.451	11435	0	160
2026.02.13	06:00:00	4946.550	4968.776	4946.273	4967.124	11828	0	160
2026.02.13	07:00:00	4966.920	4982.501	4950.903	4974.961	11691	0	240
2026.02.13	08:00:00	4975.092	4989.519	4970.681	4982.428	10940	0	160
2026.02.13	09:00:00	4982.510	4982.728	4961.527	4970.387	8873	0	160
2026.02.13	10:00:00	4970.367	4980.734	4946.925	4950.297	8591	0	160
2026.02.13	11:00:00	4950.174	4955.561	4933.494	4953.992	12170	0	160
2026.02.13	12:00:00	4954.010	4974.127	4951.886	4969.400	9496	0	160
2026.02.13	13:00:00	4969.493	5001.884	4957.509	4987.073	16909	0	160
2026.02.13	14:00:00	4986.998	5011.146	4963.928	4995.804	31911	0	240
2026.02.13	15:00:00	4995.898	5020.812	4973.736	4976.926	30529	0	176
2026.02.13	16:00:00	4977.129	5034.213	4975.165	5007.942	19071	0	160
2026.02.13	17:00:00	5008.013	5029.187	5005.771	5020.882	10860	0	160
2026.02.13	18:00:00	5020.794	5035.590	5015.181	5031.229	10212	0	160
2026.02.13	19:00:00	5031.302	5046.075	5023.493	5023.534	9933	0	160
2026.02.13	20:00:00	5023.653	5034.701	5021.243	5032.486	10404	0	240
2026.02.13	21:00:00	5032.415	5046.101	5029.539	5042.605	9032	0	240
2026.02.15	23:00:00	5026.640	5032.237	5010.128	5019.914	9934	0	240
2026.02.16	00:00:00	5019.874	5022.853	4999.755	5015.450	10212	0	240
2026.02.16	01:00:00	5015.352	5031.192	5006.790	5028.990	7834	0	240
2026.02.16	02:00:00	5029.052	5031.480	4992.138	4994.619	9046	0	240
2026.02.16	03:00:00	4994.535	5000.013	4975.014	4987.733	9109	0	160
2026.02.16	04:00:00	4987.687	4992.030	4972.584	4977.865	7860	0	160
2026.02.16	05:00:00	4977.697	4990.693	4964.573	4990.616	7192	0	240
2026.02.16	06:00:00	4990.538	5003.100	4984.725	4994.980	6218	0	160
2026.02.16	07:00:00	4994.926	5009.954	4988.881	5007.321	6851	0	160
2026.02.16	08:00:00	5007.519	5013.322	4995.736	5008.022	7294	0	160
2026.02.16	09:00:00	5007.991	5017.232	5007.746	5013.582	5504	0	160
2026.02.16	10:00:00	5013.530	5017.146	5000.131	5006.049	6148	0	160
2026.02.16	11:00:00	5006.071	5007.966	4998.734	5004.267	5032	0	160
2026.02.16	12:00:00	5004.240	5008.096	4992.753	5001.972	6175	0	160
2026.02.16	13:00:00	5001.916	5003.535	4989.553	4997.361	6388	0	160
2026.02.16	14:00:00	4997.230	4999.426	4981.659	4988.171	7598	0	160
2026.02.16	15:00:00	4988.002	4988.337	4968.895	4979.735	8885	0	160
2026.02.16	16:00:00	4979.707	4990.306	4972.936	4988.076	6385	0	160
2026.02.16	17:00:00	4987.964	4995.890	4987.879	4991.455	4449	0	160
2026.02.16	18:00:00	4991.543	4997.933	4988.327	4994.708	5702	0	240
2026.02.16	19:00:00	4994.632	4996.116	4990.583	4993.895	3554	0	160
2026.02.16	23:00:00	4998.238	5000.719	4985.349	4989.986	5027	0	160
2026.02.17	00:00:00	4989.899	4991.592	4931.419	4935.712	12171	0	160
2026.02.17	01:00:00	4935.804	4964.074	4922.830	4957.944	12914	0	160
2026.02.17	02:00:00	4957.864	4971.436	4954.349	4967.040	6553	0	160
2026.02.17	03:00:00	4966.960	4970.075	4949.839	4956.886	7151	0	160
2026.02.17	04:00:00	4956.827	4960.363	4946.776	4952.816	5400	0	160
2026.02.17	05:00:00	4952.982	4954.276	4858.728	4888.634	24777	0	160
2026.02.17	06:00:00	4888.674	4914.219	4886.528	4910.377	10522	0	160
2026.02.17	07:00:00	4910.456	4922.014	4903.850	4917.021	8602	0	160
2026.02.17	08:00:00	4917.000	4930.270	4916.035	4920.721	9502	0	160
2026.02.17	09:00:00	4920.863	4932.552	4912.838	4926.024	8790	0	160
2026.02.17	10:00:00	4925.970	4939.206	4907.590	4913.177	8673	0	160
2026.02.17	11:00:00	4913.322	4930.961	4913.195	4929.179	7291	0	160
2026.02.17	12:00:00	4929.060	4944.351	4928.191	4932.270	9413	0	160
2026.02.17	13:00:00	4932.173	4933.279	4869.625	4870.724	18014	0	160
2026.02.17	14:00:00	4870.541	4907.182	4841.149	4864.129	42349	0	160
2026.02.17	15:00:00	4864.061	4882.548	4848.873	4878.263	33588	0	160
2026.02.17	16:00:00	4878.366	4893.683	4868.386	4869.369	20829	0	160
2026.02.17	17:00:00	4869.462	4871.303	4849.915	4865.243	17127	0	160
2026.02.17	18:00:00	4865.324	4910.733	4862.484	4898.961	16933	0	160
2026.02.17	19:00:00	4899.097	4901.171	4876.609	4880.422	12448	0	160
2026.02.17	20:00:00	4880.378	4884.257	4873.239	4878.095	11858	0	160
2026.02.17	21:00:00	4878.025	4887.009	4874.866	4878.018	4957	0	160
2026.02.17	23:00:00	4863.153	4884.656	4853.954	4859.523	7981	0	160
2026.02.18	00:00:00	4859.221	4882.942	4858.455	4874.950	10128	0	160
2026.02.18	01:00:00	4874.905	4892.866	4874.564	4889.833	7917	0	160
2026.02.18	02:00:00	4889.732	4907.260	4886.583	4905.298	6161	0	160
2026.02.18	03:00:00	4905.106	4922.215	4904.346	4920.873	5536	0	160
2026.02.18	04:00:00	4920.888	4940.110	4918.318	4933.918	5982	0	160
2026.02.18	05:00:00	4933.993	4939.864	4929.820	4933.376	4885	0	160
2026.02.18	06:00:00	4933.518	4936.041	4924.870	4930.576	5791	0	160
2026.02.18	07:00:00	4930.545	4942.324	4929.135	4930.324	5366	0	160
2026.02.18	08:00:00	4930.402	4932.364	4916.542	4917.155	6454	0	160
2026.02.18	09:00:00	4917.219	4923.151	4913.027	4917.388	6433	0	160
2026.02.18	10:00:00	4917.436	4924.439	4909.252	4914.522	7682	0	160
2026.02.18	11:00:00	4914.515	4917.595	4906.242	4912.974	5427	0	160
2026.02.18	12:00:00	4912.886	4947.213	4911.999	4943.100	8459	0	160
2026.02.18	13:00:00	4943.170	4969.069	4942.962	4954.535	11633	0	160
2026.02.18	14:00:00	4954.570	4994.479	4952.132	4991.714	17489	0	160
2026.02.18	15:00:00	4991.770	5008.998	4991.629	4997.843	13891	0	160
2026.02.18	16:00:00	4998.086	5010.974	4991.305	5000.589	9954	0	160
2026.02.18	17:00:00	5000.678	5001.722	4993.317	4998.982	7408	0	160
2026.02.18	18:00:00	4999.090	5003.223	4980.555	4987.237	10015	0	160
2026.02.18	19:00:00	4987.143	4995.495	4972.896	4980.659	12537	0	160
2026.02.18	20:00:00	4980.473	4987.513	4975.507	4984.789	8929	0	160
2026.02.18	21:00:00	4984.690	4986.525	4975.765	4976.284	3385	0	160
2026.02.18	23:00:00	4974.388	4988.664	4961.397	4976.255	6884	0	160
2026.02.19	00:00:00	4976.015	4976.321	4960.446	4961.381	7950	0	160
2026.02.19	01:00:00	4961.073	4975.455	4960.571	4973.151	6433	0	160
2026.02.19	02:00:00	4972.925	4977.298	4965.694	4968.320	5586	0	160
2026.02.19	03:00:00	4968.224	4983.534	4966.422	4981.809	5427	0	160
2026.02.19	04:00:00	4981.607	4985.522	4976.948	4984.193	4463	0	160
2026.02.19	05:00:00	4984.189	4998.403	4984.189	4997.064	4651	0	240
2026.02.19	06:00:00	4996.827	5020.107	4996.712	5018.292	5584	0	160
2026.02.19	07:00:00	5018.370	5021.927	5008.720	5010.363	5828	0	240
2026.02.19	08:00:00	5010.290	5022.047	5006.094	5017.046	6384	0	240
2026.02.19	09:00:00	5016.994	5020.340	4992.903	4995.757	7597	0	240
2026.02.19	10:00:00	4995.740	4996.196	4981.612	4993.326	7959	0	160
2026.02.19	11:00:00	4993.105	4996.417	4977.990	4984.696	7465	0	160
2026.02.19	12:00:00	4984.608	4992.792	4980.541	4984.697	6817	0	176
2026.02.19	13:00:00	4984.780	4998.415	4971.953	4997.127	9761	0	160
2026.02.19	14:00:00	4997.095	5010.304	4963.338	5005.589	18652	0	160
2026.02.19	15:00:00	5005.664	5022.336	4995.972	5013.708	19091	0	160
2026.02.19	16:00:00	5013.792	5014.389	4990.196	4995.316	12629	0	160
2026.02.19	17:00:00	4995.119	5001.578	4982.701	4984.926	9566	0	160
2026.02.19	18:00:00	4985.004	4989.232	4975.075	4981.815	8922	0	160
2026.02.19	19:00:00	4981.890	4990.427	4978.213	4987.832	6585	0	160
2026.02.19	20:00:00	4987.855	5003.395	4987.855	5001.584	5865	0	160
2026.02.19	21:00:00	5001.671	5004.191	4992.165	4996.334	4206	0	240
2026.02.19	23:00:00	4997.165	5007.890	4985.731	4987.700	5580	0	240
2026.02.20	00:00:00	4987.764	5006.896	4985.451	5006.316	6151	0	160
2026.02.20	01:00:00	5006.397	5014.702	4995.114	4997.041	7979	0	240
2026.02.20	02:00:00	4997.065	5007.338	4992.583	4996.318	6523	0	160
2026.02.20	03:00:00	4996.290	4999.053	4981.699	4988.088	6152	0	160
2026.02.20	04:00:00	4988.184	5003.414	4986.715	4999.763	4291	0	160
2026.02.20	05:00:00	4999.936	5011.873	4997.876	5011.873	5328	0	240
2026.02.20	06:00:00	5011.948	5030.141	5011.805	5020.758	6987	0	240
2026.02.20	07:00:00	5020.642	5028.198	5006.017	5006.527	7139	0	240
2026.02.20	08:00:00	5006.606	5030.923	5005.104	5028.853	7039	0	176
2026.02.20	09:00:00	5028.767	5042.628	5027.461	5027.461	7227	0	240
2026.02.20	10:00:00	5027.727	5038.340	5019.446	5034.550	6840	0	240
2026.02.20	11:00:00	5034.766	5034.885	5015.411	5017.392	7123	0	240
2026.02.20	12:00:00	5017.465	5026.620	5007.088	5025.035	8104	0	240
2026.02.20	13:00:00	5025.048	5048.825	5018.215	5043.691	9378	0	176
2026.02.20	14:00:00	5043.619	5060.510	5037.000	5054.183	17475	0	240
2026.02.20	15:00:00	5054.078	5064.009	4988.890	5042.506	60738	0	240
2026.02.20	16:00:00	5042.431	5069.045	5038.405	5066.475	20461	0	240
2026.02.20	17:00:00	5066.556	5076.408	5054.557	5072.994	16738	0	240
2026.02.20	18:00:00	5072.916	5075.154	5053.792	5071.081	18228	0	240
2026.02.20	19:00:00	5071.154	5079.887	5068.397	5079.392	6904	0	240
2026.02.20	20:00:00	5079.430	5098.185	5076.865	5096.892	8833	0	240
2026.02.20	21:00:00	5096.968	5108.031	5091.769	5105.809	6612	0	240
2026.02.22	23:00:00	5111.637	5171.868	5108.785	5165.373	10741	0	240
2026.02.23	00:00:00	5165.366	5166.728	5129.474	5144.589	18282	0	240
2026.02.23	01:00:00	5144.291	5167.792	5139.976	5157.618	12093	0	240
2026.02.23	02:00:00	5157.519	5176.670	5156.647	5173.697	9093	0	240
2026.02.23	03:00:00	5173.708	5175.775	5151.397	5166.851	8044	0	240
2026.02.23	04:00:00	5166.838	5168.703	5155.427	5160.691	6463	0	240
2026.02.23	05:00:00	5160.734	5161.829	5152.159	5158.279	5753	0	240
2026.02.23	06:00:00	5158.147	5161.688	5144.838	5145.739	7257	0	240
2026.02.23	07:00:00	5145.739	5154.134	5124.932	5136.727	11565	0	240
2026.02.23	08:00:00	5136.487	5141.953	5122.192	5140.034	9148	0	240
2026.02.23	09:00:00	5140.104	5150.057	5139.380	5149.524	6365	0	240
2026.02.23	10:00:00	5149.479	5163.386	5145.008	5162.601	7859	0	240
2026.02.23	11:00:00	5162.682	5163.447	5146.430	5149.884	6716	0	240
2026.02.23	12:00:00	5149.793	5165.463	5145.661	5163.954	7400	0	240
2026.02.23	13:00:00	5163.854	5165.312	5143.500	5146.375	9002	0	240
2026.02.23	14:00:00	5146.290	5200.414	5141.232	5192.252	14872	0	240
2026.02.23	15:00:00	5192.469	5205.098	5180.724	5196.252	18947	0	240
2026.02.23	16:00:00	5196.135	5219.089	5175.543	5209.999	18720	0	240
2026.02.23	17:00:00	5210.164	5213.315	5190.918	5207.791	14505	0	240
2026.02.23	18:00:00	5208.063	5215.914	5201.186	5209.733	10439	0	240
2026.02.23	19:00:00	5209.653	5218.217	5206.338	5215.605	8237	0	240
2026.02.23	20:00:00	5215.628	5237.907	5214.887	5236.054	8288	0	240
2026.02.23	21:00:00	5235.973	5237.293	5226.561	5227.899	5124	0	360
2026.02.23	23:00:00	5226.214	5249.439	5226.214	5235.933	7387	0	360
2026.02.24	00:00:00	5235.839	5238.095	5217.399	5223.979	12593	0	360
2026.02.24	01:00:00	5223.904	5224.216	5144.765	5177.122	38258	0	240
2026.02.24	02:00:00	5177.202	5190.413	5165.521	5189.691	10682	0	240
2026.02.24	03:00:00	5189.579	5191.747	5170.956	5171.972	7152	0	240
2026.02.24	04:00:00	5171.898	5174.810	5160.916	5168.322	6710	0	240
2026.02.24	05:00:00	5168.260	5185.704	5163.948	5182.363	8065	0	240
2026.02.24	06:00:00	5182.507	5184.843	5156.125	5173.388	8945	0	240
2026.02.24	07:00:00	5173.305	5183.992	5164.044	5179.060	9511	0	240
2026.02.24	08:00:00	5179.020	5181.856	5164.834	5173.446	8913	0	240
2026.02.24	09:00:00	5173.346	5180.344	5166.321	5171.422	6636	0	240
2026.02.24	10:00:00	5171.428	5181.307	5163.212	5172.535	7024	0	240
2026.02.24	11:00:00	5172.530	5178.533	5170.897	5172.835	5291	0	240
2026.02.24	12:00:00	5172.793	5173.595	5144.682	5150.316	11613	0	240
2026.02.24	13:00:00	5150.483	5161.097	5110.630	5115.082	19152	0	240
2026.02.24	14:00:00	5115.001	5139.115	5093.319	5128.311	30074	0	240
2026.02.24	15:00:00	5128.521	5155.306	5117.962	5150.191	16169	0	240
2026.02.24	16:00:00	5150.171	5152.295	5130.537	5141.603	12940	0	240
2026.02.24	17:00:00	5141.797	5163.772	5141.494	5163.772	8192	0	240
2026.02.24	18:00:00	5163.582	5170.116	5153.195	5160.170	8958	0	240
2026.02.24	19:00:00	5160.122	5160.626	5146.172	5154.063	8057	0	240
2026.02.24	20:00:00	5154.169	5173.146	5146.594	5163.892	8066	0	240
2026.02.24	21:00:00	5163.970	5165.718	5140.216	5143.820	5245	0	240
2026.02.24	23:00:00	5135.424	5152.161	5127.569	5146.578	5928	0	240
2026.02.25	00:00:00	5146.576	5156.336	5136.459	5152.214	8184	0	240
2026.02.25	01:00:00	5152.130	5189.947	5144.070	5176.554	13943	0	240
2026.02.25	02:00:00	5176.860	5193.907	5166.434	5180.430	9847	0	240
2026.02.25	03:00:00	5180.470	5190.082	5178.449	5182.161	7716	0	240
2026.02.25	04:00:00	5182.014	5184.998	5171.775	5182.610	5145	0	240
2026.02.25	05:00:00	5182.685	5210.592	5182.504	5201.720	7920	0	240
2026.02.25	06:00:00	5201.697	5201.697	5182.076	5194.493	8221	0	240
2026.02.25	07:00:00	5194.418	5194.967	5180.372	5184.635	6086	0	240
2026.02.25	08:00:00	5184.740	5197.169	5183.826	5185.487	6457	0	240
2026.02.25	09:00:00	5185.398	5194.390	5176.281	5192.912	7192	0	240
2026.02.25	10:00:00	5193.001	5194.907	5169.744	5175.163	7414	0	264
2026.02.25	11:00:00	5174.799	5182.472	5154.810	5181.284	8251	0	240
2026.02.25	12:00:00	5181.193	5187.369	5177.333	5182.873	6483	0	240
2026.02.25	13:00:00	5182.773	5191.290	5180.929	5184.980	9015	0	240
2026.02.25	14:00:00	5184.741	5193.204	5158.590	5190.958	15501	0	240
2026.02.25	15:00:00	5191.174	5202.514	5172.354	5194.940	13630	0	240
2026.02.25	16:00:00	5194.853	5213.870	5189.512	5211.928	9394	0	240
2026.02.25	17:00:00	5211.832	5217.614	5203.416	5206.888	8095	0	240
2026.02.25	18:00:00	5207.073	5207.645	5200.220	5201.845	3390	0	240
2026.02.25	19:00:00	5202.145	5208.262	5191.339	5205.091	11927	0	360
2026.02.25	20:00:00	5204.868	5206.206	5145.780	5151.966	15983	0	240
2026.02.25	21:00:00	5152.050	5173.582	5150.062	5169.177	9762	0	240
2026.02.25	23:00:00	5165.082	5181.804	5161.539	5163.125	8226	0	360
2026.02.26	00:00:00	5163.219	5192.048	5155.321	5188.368	11820	0	240
2026.02.26	01:00:00	5187.982	5198.089	5178.677	5191.599	15376	0	240
2026.02.26	02:00:00	5191.332	5195.618	5173.994	5184.348	9962	0	240
2026.02.26	03:00:00	5184.123	5193.496	5182.957	5192.676	6750	0	240
2026.02.26	04:00:00	5192.386	5199.325	5190.562	5192.716	4925	0	240
2026.02.26	05:00:00	5192.492	5205.410	5189.694	5197.994	6933	0	240
2026.02.26	06:00:00	5198.069	5199.564	5190.208	5192.941	6746	0	240
2026.02.26	07:00:00	5193.016	5194.459	5179.502	5185.826	7213	0	240
2026.02.26	08:00:00	5186.069	5190.786	5167.651	5179.043	10263	0	240
2026.02.26	09:00:00	5179.208	5189.412	5173.778	5186.118	6941	0	240
2026.02.26	10:00:00	5186.379	5189.901	5165.732	5171.379	7213	0	240
2026.02.26	11:00:00	5171.187	5178.105	5161.101	5164.456	6870	0	240
2026.02.26	12:00:00	5164.689	5188.053	5157.754	5183.826	8107	0	240
2026.02.26	13:00:00	5183.821	5185.612	5164.140	5166.390	11775	0	240
2026.02.26	14:00:00	5166.310	5176.099	5139.658	5164.688	23402	0	240
2026.02.26	15:00:00	5164.575	5192.714	5130.470	5185.320	28051	0	240
2026.02.26	16:00:00	5185.685	5187.113	5172.629	5179.668	14289	0	240
2026.02.26	17:00:00	5179.737	5190.185	5161.760	5167.151	11836	0	240
2026.02.26	18:00:00	5167.142	5185.765	5160.520	5180.461	11955	0	240
2026.02.26	19:00:00	5180.539	5193.965	5179.557	5187.105	7599	0	240
2026.02.26	20:00:00	5187.023	5200.860	5186.819	5196.183	7487	0	240
2026.02.26	21:00:00	5196.494	5200.483	5182.884	5184.920	4961	0	240
2026.02.26	23:00:00	5187.994	5189.094	5175.472	5184.462	5292	0	240
2026.02.27	00:00:00	5184.431	5194.904	5169.971	5174.668	8704	0	240
2026.02.27	01:00:00	5174.763	5194.455	5166.688	5193.830	11325	0	240
2026.02.27	02:00:00	5193.906	5199.716	5173.377	5183.392	10092	0	240
2026.02.27	03:00:00	5183.440	5190.350	5180.966	5184.068	6483	0	240
2026.02.27	04:00:00	5183.971	5188.800	5180.643	5181.703	4354	0	240
2026.02.27	05:00:00	5181.675	5200.615	5181.217	5197.744	6387	0	240
2026.02.27	06:00:00	5197.674	5199.061	5185.023	5185.706	7662	0	240
2026.02.27	07:00:00	5185.628	5189.732	5175.545	5176.053	8105	0	240
2026.02.27	08:00:00	5176.114	5182.088	5174.272	5178.807	6490	0	240
2026.02.27	09:00:00	5178.870	5182.571	5172.222	5175.758	6279	0	240
2026.02.27	10:00:00	5175.833	5180.721	5168.530	5177.663	6588	0	240
2026.02.27	11:00:00	5177.338	5185.375	5172.656	5185.375	4938	0	240
2026.02.27	12:00:00	5185.450	5190.553	5182.884	5187.499	6736	0	240
2026.02.27	13:00:00	5187.711	5240.516	5186.819	5223.198	20755	0	240
2026.02.27	14:00:00	5223.124	5236.092	5213.709	5223.762	20415	0	240
2026.02.27	15:00:00	5223.838	5246.401	5214.693	5239.359	17984	0	240
2026.02.27	16:00:00	5239.439	5257.624	5221.887	5229.106	18145	0	360
2026.02.27	17:00:00	5229.185	5236.913	5220.583	5234.421	13028	0	240
2026.02.27	18:00:00	5234.512	5246.932	5222.637	5245.069	10602	0	240
2026.02.27	19:00:00	5245.054	5252.228	5240.189	5250.080	7973	0	240
2026.02.27	20:00:00	5250.155	5265.515	5248.624	5263.353	8468	0	240
2026.02.27	21:00:00	5263.172	5281.253	5257.130	5279.022	6788	0	360
2026.03.01	23:00:00	5319.272	5393.371	5314.681	5386.916	16153	0	360
2026.03.02	00:00:00	5386.641	5388.044	5340.658	5347.200	23124	0	360
2026.03.02	01:00:00	5347.392	5347.392	5303.109	5324.969	37675	0	360
2026.03.02	02:00:00	5324.890	5351.905	5316.853	5346.134	16252	0	360
2026.03.02	03:00:00	5346.502	5366.738	5344.537	5366.285	10103	0	360
2026.03.02	04:00:00	5366.311	5367.036	5345.222	5356.029	8711	0	360
2026.03.02	05:00:00	5356.082	5366.325	5340.487	5365.943	9850	0	360
2026.03.02	06:00:00	5365.865	5389.734	5363.576	5387.582	11500	0	360
2026.03.02	07:00:00	5387.693	5419.030	5384.796	5407.874	14765	0	360
2026.03.02	08:00:00	5407.709	5416.418	5391.071	5393.835	13538	0	360
2026.03.02	09:00:00	5394.048	5402.721	5385.708	5391.806	10995	0	360
2026.03.02	10:00:00	5392.209	5400.845	5378.983	5389.038	11318	0	360
2026.03.02	11:00:00	5389.116	5399.732	5375.016	5385.113	10143	0	360
2026.03.02	12:00:00	5385.263	5398.674	5378.880	5396.809	10284	0	360
2026.03.02	13:00:00	5396.873	5416.358	5381.887	5394.026	21870	0	360
2026.03.02	14:00:00	5393.942	5395.221	5306.320	5333.620	51196	0	360
2026.03.02	15:00:00	5333.062	5348.799	5308.129	5316.053	34371	0	360
2026.03.02	16:00:00	5315.968	5315.968	5260.224	5290.232	42827	0	360
2026.03.02	17:00:00	5290.325	5320.759	5286.686	5306.476	20354	0	360
2026.03.02	18:00:00	5306.627	5316.575	5289.375	5315.279	13358	0	360
2026.03.02	19:00:00	5315.294	5333.981	5313.739	5330.516	9840	0	360
2026.03.02	20:00:00	5330.605	5346.119	5328.302	5332.491	17677	0	360
2026.03.02	21:00:00	5332.486	5340.356	5321.620	5322.103	7212	0	360
2026.03.02	23:00:00	5332.799	5346.940	5329.212	5345.688	5491	0	360
2026.03.03	00:00:00	5345.693	5361.997	5337.019	5350.306	8908	0	360
2026.03.03	01:00:00	5350.363	5379.802	5337.752	5339.027	18634	0	360
2026.03.03	02:00:00	5339.218	5368.145	5332.635	5367.011	16140	0	360
2026.03.03	03:00:00	5367.115	5373.470	5358.809	5367.133	8156	0	360
2026.03.03	04:00:00	5367.244	5375.551	5359.274	5361.165	7744	0	360
2026.03.03	05:00:00	5361.082	5366.926	5304.905	5318.883	17955	0	360
2026.03.03	06:00:00	5318.982	5322.993	5279.076	5310.378	23506	0	360
2026.03.03	07:00:00	5310.430	5331.011	5305.873	5327.461	12134	0	360
2026.03.03	08:00:00	5327.358	5335.669	5290.025	5295.592	14545	0	360
2026.03.03	09:00:00	5295.479	5303.581	5225.943	5274.747	29754	0	360
2026.03.03	10:00:00	5274.665	5288.083	5237.926	5248.377	22365	0	360
2026.03.03	11:00:00	5248.186	5263.873	5072.900	5144.538	75030	0	360
2026.03.03	12:00:00	5144.628	5226.551	5138.053	5224.340	34879	0	360
2026.03.03	13:00:00	5224.452	5224.452	5127.152	5156.412	50825	0	240
2026.03.03	14:00:00	5156.315	5175.512	5015.763	5038.140	75913	0	240
2026.03.03	15:00:00	5038.231	5096.869	4995.960	5095.336	71252	0	240
2026.03.03	16:00:00	5095.250	5134.761	5090.315	5106.513	43733	0	240
2026.03.03	17:00:00	5106.899	5109.594	5065.087	5078.903	33985	0	240
2026.03.03	18:00:00	5078.827	5138.314	5078.717	5136.081	26067	0	240
2026.03.03	19:00:00	5135.993	5149.115	5099.039	5113.095	25252	0	240
2026.03.03	20:00:00	5113.248	5130.413	5085.987	5097.119	23292	0	240
2026.03.03	21:00:00	5097.200	5110.172	5083.111	5090.294	14543	0	240
2026.03.03	23:00:00	5110.940	5129.684	5084.751	5125.056	9582	0	360
2026.03.04	00:00:00	5125.116	5140.293	5105.702	5138.290	13737	0	240
2026.03.04	01:00:00	5138.368	5178.567	5138.277	5174.636	26829	0	240
2026.03.04	02:00:00	5174.556	5190.920	5153.747	5155.939	17630	0	240
2026.03.04	03:00:00	5156.317	5177.279	5140.828	5174.518	15440	0	240
2026.03.04	04:00:00	5174.410	5180.726	5152.011	5156.750	10993	0	240
2026.03.04	05:00:00	5156.837	5168.034	5152.179	5159.679	13613	0	240
2026.03.04	06:00:00	5159.903	5160.794	5121.344	5160.541	18112	0	240
2026.03.04	07:00:00	5160.363	5176.051	5158.324	5168.182	11392	0	240
2026.03.04	08:00:00	5168.275	5182.155	5147.193	5167.386	13924	0	240
2026.03.04	09:00:00	5167.447	5185.063	5159.317	5182.280	11624	0	240
2026.03.04	10:00:00	5182.349	5202.313	5179.323	5189.894	13445	0	240
2026.03.04	11:00:00	5189.817	5200.739	5187.356	5192.107	8160	0	240
2026.03.04	12:00:00	5191.969	5205.974	5156.206	5171.056	17632	0	240
2026.03.04	13:00:00	5171.093	5196.111	5167.574	5167.888	17749	0	240
2026.03.04	14:00:00	5167.997	5184.967	5138.560	5146.896	36656	0	240
2026.03.04	15:00:00	5147.114	5167.065	5130.921	5151.399	35298	0	360
2026.03.04	16:00:00	5151.515	5162.464	5138.132	5149.745	20142	0	240
2026.03.04	17:00:00	5149.568	5152.967	5120.061	5140.891	16261	0	240
2026.03.04	18:00:00	5140.917	5143.362	5108.620	5133.829	16170	0	240
2026.03.04	19:00:00	5134.056	5139.433	5123.360	5137.805	10310	0	240
2026.03.04	20:00:00	5137.730	5146.858	5123.696	5134.838	35495	0	240
2026.03.04	21:00:00	5134.689	5143.888	5129.428	5139.198	5446	0	240
2026.03.04	23:00:00	5149.234	5165.859	5144.933	5164.962	4919	0	240
2026.03.05	00:00:00	5164.887	5179.698	5159.516	5172.334	6856	0	240
2026.03.05	01:00:00	5172.317	5186.591	5167.128	5172.705	14769	0	240
2026.03.05	02:00:00	5172.325	5192.414	5171.643	5192.121	10525	0	240
2026.03.05	03:00:00	5191.923	5194.986	5178.329	5180.292	6814	0	240
2026.03.05	04:00:00	5180.168	5186.736	5166.066	5171.593	5753	0	240
2026.03.05	05:00:00	5171.649	5176.738	5148.227	5148.650	8138	0	240
2026.03.05	06:00:00	5148.729	5168.583	5120.597	5167.416	16179	0	240
2026.03.05	07:00:00	5167.324	5172.734	5158.710	5162.056	10314	0	240
2026.03.05	08:00:00	5162.122	5170.187	5137.536	5165.589	11657	0	240
2026.03.05	09:00:00	5165.393	5180.373	5153.235	5160.844	13164	0	240
2026.03.05	10:00:00	5161.037	5167.402	5146.131	5164.459	8232	0	240
2026.03.05	11:00:00	5164.573	5167.876	5156.790	5163.469	6461	0	240
2026.03.05	12:00:00	5163.480	5171.576	5160.736	5162.641	6956	0	240
2026.03.05	13:00:00	5162.723	5163.957	5081.391	5117.944	29599	0	240
2026.03.05	14:00:00	5117.865	5129.728	5090.611	5102.165	33279	0	240
2026.03.05	15:00:00	5102.121	5119.872	5059.812	5102.457	39121	0	240
2026.03.05	16:00:00	5102.438	5104.367	5053.922	5077.536	24914	0	240
2026.03.05	17:00:00	5077.628	5089.357	5054.827	5062.961	22525	0	240
2026.03.05	18:00:00	5062.754	5085.445	5050.681	5069.460	19158	0	240
2026.03.05	19:00:00	5069.237	5081.293	5055.605	5065.818	16329	0	240
2026.03.05	20:00:00	5065.647	5094.508	5061.614	5076.664	19219	0	240
2026.03.05	21:00:00	5076.553	5085.131	5072.010	5083.291	5621	0	240
2026.03.05	23:00:00	5090.507	5101.747	5081.935	5086.266	5335	0	360
2026.03.06	00:00:00	5086.068	5092.363	5074.077	5084.504	8715	0	360
2026.03.06	01:00:00	5084.249	5143.888	5066.057	5134.811	17622	0	264
2026.03.06	02:00:00	5134.734	5138.353	5121.993	5126.290	9727	0	360
2026.03.06	03:00:00	5126.148	5141.348	5124.450	5130.904	6493	0	360
2026.03.06	04:00:00	5131.144	5136.121	5126.232	5127.668	4488	0	360
2026.03.06	05:00:00	5127.578	5129.877	5114.219	5117.334	7665	0	360
2026.03.06	06:00:00	5117.109	5122.870	5109.208	5115.588	7130	0	360
2026.03.06	07:00:00	5115.544	5120.629	5105.647	5119.458	7409	0	360
2026.03.06	08:00:00	5119.525	5123.189	5096.098	5108.428	8066	0	360
2026.03.06	09:00:00	5108.450	5109.402	5083.354	5085.507	9509	0	240
2026.03.06	10:00:00	5085.754	5092.911	5075.521	5090.917	9350	0	360
2026.03.06	11:00:00	5091.013	5099.529	5062.475	5076.717	10508	0	264
2026.03.06	12:00:00	5076.824	5096.643	5075.911	5083.242	10060	0	240
2026.03.06	13:00:00	5083.161	5130.578	5065.319	5084.852	32748	0	240
2026.03.06	14:00:00	5084.761	5131.836	5080.831	5129.953	36229	0	360
2026.03.06	15:00:00	5130.029	5171.645	5127.761	5141.881	35434	0	360
2026.03.06	16:00:00	5141.817	5153.041	5125.862	5139.932	19243	0	360
2026.03.06	17:00:00	5139.938	5152.391	5128.780	5140.487	14802	0	360
2026.03.06	18:00:00	5140.545	5167.776	5138.672	5160.976	11155	0	360
2026.03.06	19:00:00	5161.160	5174.626	5156.498	5159.805	9466	0	360
2026.03.06	20:00:00	5159.882	5162.447	5149.496	5153.513	10559	0	360
2026.03.06	21:00:00	5153.435	5176.565	5150.982	5174.067	5840	0	360
2026.03.08	22:00:00	5178.794	5180.193	5103.559	5130.154	21485	0	360
2026.03.08	23:00:00	5130.045	5135.528	5044.202	5075.442	19236	0	264
2026.03.09	00:00:00	5075.974	5080.480	5028.284	5049.895	27447	0	360
2026.03.09	01:00:00	5049.760	5087.683	5014.438	5070.175	36780	0	360
2026.03.09	02:00:00	5070.287	5099.253	5055.539	5094.858	19947	0	360
2026.03.09	03:00:00	5094.706	5102.437	5081.643	5091.221	11774	0	360
2026.03.09	04:00:00	5091.088	5097.305	5085.185	5089.959	7158	0	360
2026.03.09	05:00:00	5090.196	5140.456	5080.803	5124.366	17486	0	360
2026.03.09	06:00:00	5124.291	5133.806	5096.972	5097.688	15933	0	360
2026.03.09	07:00:00	5097.822	5107.507	5088.424	5098.944	12494	0	360
2026.03.09	08:00:00	5098.872	5110.683	5086.938	5096.606	13529	0	360
2026.03.09	09:00:00	5096.585	5132.503	5094.821	5104.995	13712	0	360
2026.03.09	10:00:00	5105.070	5111.017	5083.664	5087.263	11544	0	360
2026.03.09	11:00:00	5087.361	5097.199	5079.336	5088.049	10697	0	360
2026.03.09	12:00:00	5087.997	5111.891	5087.997	5094.974	9559	0	264
2026.03.09	13:00:00	5095.058	5111.237	5067.223	5074.123	25017	0	360
2026.03.09	14:00:00	5074.041	5116.136	5060.618	5093.893	28610	0	240
2026.03.09	15:00:00	5093.857	5103.314	5079.569	5099.469	15516	0	360
2026.03.09	16:00:00	5099.619	5110.471	5094.474	5104.617	9894	0	240
2026.03.09	17:00:00	5104.384	5106.757	5088.924	5096.069	9402	0	240
2026.03.09	18:00:00	5096.142	5126.389	5092.494	5122.996	7992	0	240
2026.03.09	19:00:00	5123.145	5143.981	5118.435	5141.033	16204	0	360
2026.03.09	20:00:00	5141.112	5147.962	5134.035	5137.448	6791	0	360
2026.03.09	22:00:00	5148.262	5152.853	5117.827	5152.845	8102	0	360
2026.03.09	23:00:00	5152.902	5155.948	5135.795	5139.445	6844	0	360
2026.03.10	00:00:00	5139.609	5141.402	5124.549	5130.766	9739	0	360
2026.03.10	01:00:00	5130.799	5186.065	5124.661	5184.015	17913	0	360
2026.03.10	02:00:00	5184.093	5187.112	5163.920	5166.016	10318	0	360
2026.03.10	03:00:00	5166.053	5173.304	5155.518	5157.679	7759	0	360
2026.03.10	04:00:00	5157.473	5166.273	5154.498	5163.713	5329	0	360
2026.03.10	05:00:00	5163.535	5179.042	5163.535	5177.775	6255	0	360
2026.03.10	06:00:00	5178.106	5180.827	5171.925	5174.941	6594	0	360
2026.03.10	07:00:00	5175.030	5181.302	5158.545	5180.770	8266	0	360
2026.03.10	08:00:00	5180.861	5195.112	5174.755	5183.465	9180	0	360
2026.03.10	09:00:00	5183.545	5189.207	5180.426	5182.315	6412	0	360
2026.03.10	10:00:00	5182.539	5184.056	5156.640	5177.002	9291	0	360
2026.03.10	11:00:00	5177.077	5191.793	5171.649	5174.907	9850	0	360
2026.03.10	12:00:00	5175.084	5189.291	5162.550	5186.734	9911	0	360
2026.03.10	13:00:00	5186.785	5228.721	5185.939	5205.581	20645	0	360
2026.03.10	14:00:00	5205.621	5214.188	5185.186	5206.657	15480	0	360
2026.03.10	15:00:00	5206.715	5238.432	5203.050	5228.678	11190	0	360
2026.03.10	16:00:00	5228.763	5235.576	5222.721	5227.490	7865	0	360
2026.03.10	17:00:00	5227.412	5235.166	5223.562	5227.755	9727	0	360
2026.03.10	18:00:00	5227.817	5228.163	5160.212	5191.783	26109	0	360
2026.03.10	19:00:00	5191.861	5207.660	5179.563	5198.804	14493	0	360
2026.03.10	20:00:00	5198.657	5199.162	5191.658	5192.720	4800	0	360
2026.03.10	22:00:00	5191.403	5198.074	5182.833	5189.287	7531	0	360
2026.03.10	23:00:00	5189.254	5197.285	5187.567	5196.851	4404	0	360
2026.03.11	00:00:00	5196.925	5219.351	5186.676	5215.236	8074	0	360
2026.03.11	01:00:00	5215.459	5223.041	5208.328	5208.605	9967	0	360
2026.03.11	02:00:00	5208.690	5220.553	5193.948	5217.112	8662	0	360
2026.03.11	03:00:00	5217.028	5220.366	5199.300	5203.349	5794	0	360
2026.03.11	04:00:00	5203.055	5208.643	5199.349	5204.494	4344	0	360
2026.03.11	05:00:00	5204.379	5208.014	5190.293	5199.756	6953	0	360
2026.03.11	06:00:00	5199.345	5210.765	5191.490	5197.793	7000	0	360
2026.03.11	07:00:00	5197.628	5202.105	5184.365	5195.507	8268	0	360
2026.03.11	08:00:00	5195.324	5198.412	5175.082	5187.672	8602	0	360
2026.03.11	09:00:00	5187.595	5196.989	5179.575	5187.731	7300	0	360
2026.03.11	10:00:00	5187.808	5195.213	5177.235	5185.823	7186	0	360
2026.03.11	11:00:00	5185.902	5193.450	5175.135	5180.983	8367	0	360
2026.03.11	12:00:00	5181.124	5196.467	5166.576	5167.592	14254	0	360
2026.03.11	13:00:00	5167.215	5182.837	5149.167	5176.652	18718	0	360
2026.03.11	14:00:00	5176.575	5196.414	5174.206	5183.249	17332	0	360
2026.03.11	15:00:00	5183.331	5185.574	5163.772	5166.023	13275	0	360
2026.03.11	16:00:00	5166.247	5177.955	5163.401	5175.668	9124	0	360
2026.03.11	17:00:00	5175.408	5180.848	5154.092	5169.596	9321	0	360
2026.03.11	18:00:00	5169.521	5178.250	5169.026	5172.457	7634	0	360
2026.03.11	19:00:00	5172.423	5183.188	5168.933	5182.970	5220	0	360
2026.03.11	20:00:00	5182.885	5183.461	5175.029	5177.136	3182	0	360
2026.03.11	22:00:00	5181.098	5182.284	5129.795	5139.030	6460	0	360
2026.03.11	23:00:00	5139.037	5157.767	5132.889	5134.222	7161	0	360
2026.03.12	00:00:00	5134.080	5161.430	5125.375	5152.900	9901	0	360
2026.03.12	01:00:00	5152.861	5172.842	5151.502	5168.425	11528	0	360
2026.03.12	02:00:00	5168.572	5175.152	5145.762	5150.633	9230	0	360
2026.03.12	03:00:00	5150.706	5155.325	5147.376	5152.927	6488	0	360
2026.03.12	04:00:00	5153.009	5153.821	5140.408	5142.404	4731	0	360
2026.03.12	05:00:00	5142.670	5157.471	5137.024	5154.547	6763	0	360
2026.03.12	06:00:00	5154.550	5170.199	5147.272	5165.945	6562	0	360
2026.03.12	07:00:00	5166.263	5185.373	5164.496	5181.793	6123	0	360
2026.03.12	08:00:00	5181.901	5189.676	5175.643	5177.833	6712	0	360
2026.03.12	09:00:00	5178.070	5190.195	5174.375	5187.991	6510	0	360
2026.03.12	10:00:00	5188.115	5191.657	5176.027	5182.213	6308	0	360
2026.03.12	11:00:00	5182.146	5183.822	5172.547	5178.779	5828	0	360
2026.03.12	12:00:00	5178.864	5185.730	5163.419	5181.487	9566	0	360
2026.03.12	13:00:00	5181.183	5186.047	5145.877	5151.270	20336	0	360
2026.03.12	14:00:00	5151.193	5163.315	5138.282	5142.931	16679	0	360
2026.03.12	15:00:00	5142.759	5144.917	5109.486	5132.431	19054	0	360
2026.03.12	16:00:00	5132.109	5137.954	5121.155	5123.428	11899	0	360
2026.03.12	17:00:00	5123.306	5129.424	5102.383	5105.334	11753	0	360
2026.03.12	18:00:00	5105.228	5112.492	5090.733	5094.408	10159	0	240
2026.03.12	19:00:00	5094.325	5096.775	5079.182	5084.796	10785	0	240
2026.03.12	20:00:00	5084.720	5090.530	5054.751	5079.869	10256	0	264
2026.03.12	22:00:00	5078.073	5096.164	5072.883	5096.015	5773	0	360
2026.03.12	23:00:00	5095.737	5101.191	5089.121	5098.163	5529	0	240
2026.03.13	00:00:00	5098.067	5115.109	5097.287	5113.424	5632	0	360
2026.03.13	01:00:00	5113.549	5124.204	5108.802	5124.178	9027	0	240
2026.03.13	02:00:00	5124.247	5128.363	5110.470	5111.797	6845	0	360
2026.03.13	03:00:00	5112.005	5116.562	5106.097	5115.304	5497	0	240
2026.03.13	04:00:00	5115.599	5117.870	5102.649	5104.215	4580	0	240
2026.03.13	05:00:00	5104.309	5110.862	5098.217	5103.088	6826	0	240
2026.03.13	06:00:00	5103.023	5107.790	5085.691	5088.257	9741	0	240
2026.03.13	07:00:00	5088.052	5093.893	5071.729	5084.890	8984	0	240
2026.03.13	08:00:00	5085.117	5087.979	5061.251	5087.117	10284	0	240
2026.03.13	09:00:00	5087.291	5096.930	5083.270	5089.639	7472	0	240
2026.03.13	10:00:00	5089.425	5098.407	5079.767	5094.631	7394	0	240
2026.03.13	11:00:00	5095.031	5107.729	5086.158	5107.366	7620	0	240
2026.03.13	12:00:00	5107.275	5121.882	5104.297	5118.312	11510	0	360
2026.03.13	13:00:00	5118.131	5121.233	5096.269	5101.500	14332	0	360
2026.03.13	14:00:00	5101.718	5107.861	5035.303	5041.730	22487	0	240
2026.03.13	15:00:00	5041.535	5071.310	5031.640	5034.814	24814	0	240
2026.03.13	16:00:00	5034.718	5053.075	5018.840	5046.014	19947	0	240
2026.03.13	17:00:00	5045.924	5063.926	5043.326	5046.451	12002	0	240
2026.03.13	18:00:00	5046.432	5051.453	5036.255	5046.323	9716	0	240
2026.03.13	19:00:00	5046.536	5049.943	5009.525	5016.410	12406	0	240
2026.03.13	20:00:00	5016.494	5025.413	5012.205	5020.977	7945	0	240
2026.03.15	22:00:00	5017.112	5030.407	5000.793	5024.786	8746	0	240
2026.03.15	23:00:00	5024.710	5026.154	4966.796	4997.507	14851	0	160
2026.03.16	00:00:00	4997.434	5031.104	4996.521	5025.742	13609	0	240
2026.03.16	01:00:00	5025.914	5026.642	4982.525	5015.901	22972	0	240
2026.03.16	02:00:00	5015.873	5018.779	4997.882	5003.696	10846	0	160
2026.03.16	03:00:00	5003.673	5020.841	4998.233	5019.074	7431	0	240
2026.03.16	04:00:00	5019.134	5026.054	5012.209	5012.908	5184	0	240
2026.03.16	05:00:00	5012.811	5019.993	5003.274	5017.368	6950	0	240
2026.03.16	06:00:00	5017.487	5036.013	5005.544	5012.005	10210	0	240
2026.03.16	07:00:00	5012.294	5016.204	4991.674	4995.230	10547	0	240
2026.03.16	08:00:00	4995.312	5003.250	4984.763	4991.209	11980	0	176
2026.03.16	09:00:00	4990.881	4991.423	4972.214	4975.387	10825	0	160
2026.03.16	10:00:00	4975.464	4999.602	4970.011	4998.604	9755	0	160
2026.03.16	11:00:00	4998.680	5022.694	4992.213	4997.068	8937	0	160
2026.03.16	12:00:00	4997.144	5025.612	4994.242	5019.910	10459	0	176
2026.03.16	13:00:00	5019.927	5034.727	5013.784	5029.744	15334	0	240
2026.03.16	14:00:00	5029.517	5038.067	4987.990	4995.804	17370	0	240
2026.03.16	15:00:00	4995.599	5005.598	4983.907	4986.963	12694	0	160
2026.03.16	16:00:00	4986.936	4998.521	4973.936	4990.568	11438	0	160
2026.03.16	17:00:00	4990.653	5003.675	4983.858	4991.227	9630	0	160
2026.03.16	18:00:00	4991.297	5017.735	4989.918	5012.766	7711	0	160
2026.03.16	19:00:00	5012.624	5020.121	5008.145	5012.690	7808	0	200
2026.03.16	20:00:00	5012.618	5021.612	5004.613	5006.311	4781	0	280
2026.03.16	22:00:00	5007.678	5015.645	4998.555	5002.386	5056	0	200
2026.03.16	23:00:00	5002.093	5015.495	5002.073	5012.795	3899	0	200
2026.03.17	00:00:00	5012.899	5014.007	4998.002	5003.170	7571	0	280
2026.03.17	01:00:00	5002.965	5027.902	4994.530	5027.562	10090	0	280
2026.03.17	02:00:00	5027.582	5029.699	5019.836	5022.863	6103	0	200
2026.03.17	03:00:00	5022.763	5033.501	5020.704	5027.650	5225	0	280
2026.03.17	04:00:00	5027.365	5041.932	5026.229	5037.944	5209	0	280
2026.03.17	05:00:00	5038.004	5044.474	5020.208	5020.831	7868	0	280
2026.03.17	06:00:00	5020.903	5022.696	5005.153	5010.133	10493	0	280
2026.03.17	07:00:00	5010.057	5027.971	5008.805	5021.081	6720	0	280
2026.03.17	08:00:00	5021.039	5029.507	5018.103	5024.548	7324	0	280
2026.03.17	09:00:00	5024.377	5025.695	5009.784	5010.613	7110	0	280
2026.03.17	10:00:00	5010.533	5016.314	4991.665	5000.249	9041	0	280
2026.03.17	11:00:00	5000.192	5011.531	4996.593	5003.115	5951	0	200
2026.03.17	12:00:00	5003.178	5023.681	4999.287	5011.505	7714	0	200
2026.03.17	13:00:00	5011.856	5031.492	5005.253	5016.372	14085	0	280
2026.03.17	14:00:00	5016.393	5020.469	5002.710	5007.655	12653	0	280
2026.03.17	15:00:00	5007.590	5017.350	4973.345	4997.823	15809	0	200
2026.03.17	16:00:00	4998.045	5005.763	4991.524	5001.784	9422	0	200
2026.03.17	17:00:00	5001.721	5008.556	4996.409	5002.353	6970	0	200
2026.03.17	18:00:00	5002.425	5009.035	4999.825	5003.883	5918	0	200
2026.03.17	19:00:00	5003.801	5005.558	4996.276	5000.231	6031	0	200
2026.03.17	20:00:00	5000.363	5006.424	4999.783	5003.050	14130	0	200
2026.03.17	22:00:00	5004.038	5004.918	4993.262	4999.907	3201	0	280
2026.03.17	23:00:00	4999.708	5003.508	4998.709	5002.750	2759	0	280
2026.03.18	00:00:00	5002.803	5012.358	5000.221	5004.345	6013	0	280
2026.03.18	01:00:00	5004.418	5016.048	4991.069	4998.672	9044	0	200
2026.03.18	02:00:00	4998.787	5006.837	4990.480	4991.690	6674	0	280
2026.03.18	03:00:00	4991.899	4997.439	4986.231	4991.384	5685	0	200
2026.03.18	04:00:00	4991.366	4993.459	4981.594	4986.884	4884	0	220
2026.03.18	05:00:00	4987.042	5002.456	4984.545	4997.465	6676	0	280
2026.03.18	06:00:00	4997.355	5016.311	4996.325	5009.469	6505	0	280
2026.03.18	07:00:00	5009.551	5014.958	4990.244	4995.045	6143	0	220
2026.03.18	08:00:00	4994.685	4996.663	4977.089	4987.692	7613	0	200
2026.03.18	09:00:00	4987.330	4995.341	4984.780	4991.963	5334	0	200
2026.03.18	10:00:00	4992.028	4992.028	4958.782	4967.846	9327	0	280
2026.03.18	11:00:00	4967.869	4973.757	4924.849	4930.041	18538	0	200
2026.03.18	12:00:00	4930.332	4932.313	4870.643	4881.409	30306	0	200
2026.03.18	13:00:00	4881.527	4885.460	4833.975	4878.111	39205	0	200
2026.03.18	14:00:00	4877.959	4894.571	4856.517	4869.650	22595	0	200
2026.03.18	15:00:00	4869.558	4880.063	4861.209	4862.535	14008	0	200
2026.03.18	16:00:00	4862.609	4890.297	4860.787	4886.777	11631	0	200
2026.03.18	17:00:00	4886.690	4899.001	4883.938	4890.664	10596	0	200
2026.03.18	18:00:00	4890.753	4899.290	4852.188	4853.077	21459	0	200
2026.03.18	19:00:00	4852.871	4865.120	4838.097	4843.007	19598	0	200
2026.03.18	20:00:00	4842.961	4848.327	4806.677	4818.463	12919	0	200
2026.03.18	22:00:00	4828.060	4838.765	4804.247	4834.291	10553	0	200
2026.03.18	23:00:00	4834.337	4842.516	4828.126	4836.860	6776	0	200
2026.03.19	00:00:00	4836.657	4848.877	4835.410	4841.052	9653	0	200
2026.03.19	01:00:00	4841.207	4866.892	4832.656	4850.011	15129	0	200
2026.03.19	02:00:00	4850.082	4862.215	4841.762	4858.551	9495	0	200
2026.03.19	03:00:00	4858.559	4865.762	4850.812	4850.956	6661	0	200
2026.03.19	04:00:00	4850.895	4853.715	4845.697	4849.822	4949	0	200
2026.03.19	05:00:00	4849.915	4853.697	4826.987	4827.609	9303	0	200
2026.03.19	06:00:00	4827.538	4842.028	4747.300	4763.817	25909	0	200
2026.03.19	07:00:00	4763.710	4784.218	4727.077	4727.808	20019	0	200
2026.03.19	08:00:00	4728.013	4740.325	4686.746	4709.221	33789	0	200
2026.03.19	09:00:00	4709.086	4725.964	4687.875	4698.895	32352	0	200
2026.03.19	10:00:00	4698.768	4719.875	4666.429	4678.879	25779	0	200
2026.03.19	11:00:00	4678.856	4699.616	4650.613	4652.225	23123	0	280
2026.03.19	12:00:00	4651.867	4653.936	4531.073	4574.603	50582	0	280
2026.03.19	13:00:00	4574.513	4621.053	4502.610	4620.575	86511	0	280
2026.03.19	14:00:00	4620.859	4649.163	4580.877	4601.691	57890	0	280
2026.03.19	15:00:00	4601.851	4638.722	4566.091	4596.521	46659	0	280
2026.03.19	16:00:00	4596.365	4626.749	4576.707	4584.726	37722	0	280
2026.03.19	17:00:00	4584.700	4629.863	4573.683	4616.105	28472	0	280
2026.03.19	18:00:00	4616.019	4623.120	4595.956	4622.847	18461	0	280
2026.03.19	19:00:00	4622.855	4663.389	4622.855	4644.022	39714	0	280
2026.03.19	20:00:00	4643.664	4661.947	4642.671	4657.541	9889	0	280
2026.03.19	22:00:00	4657.711	4677.032	4636.235	4636.235	7322	0	280
2026.03.19	23:00:00	4636.457	4647.928	4634.231	4643.703	6105	0	280
2026.03.20	00:00:00	4643.631	4665.014	4642.053	4648.766	10904	0	280
2026.03.20	01:00:00	4648.408	4699.415	4639.284	4677.259	24547	0	280
2026.03.20	02:00:00	4677.187	4703.693	4670.239	4698.100	13941	0	280
2026.03.20	03:00:00	4698.202	4735.802	4693.060	4725.570	13511	0	280
2026.03.20	04:00:00	4725.669	4727.605	4715.512	4721.417	7120	0	280
2026.03.20	05:00:00	4721.507	4723.655	4685.750	4688.597	13893	0	280
2026.03.20	06:00:00	4688.515	4700.918	4661.258	4669.065	18208	0	280
2026.03.20	07:00:00	4668.902	4707.967	4667.983	4706.147	10669	0	280
2026.03.20	08:00:00	4706.228	4734.746	4684.755	4693.651	14839	0	280
2026.03.20	09:00:00	4693.804	4700.462	4659.802	4667.510	13625	0	280
2026.03.20	10:00:00	4667.394	4670.160	4638.135	4645.212	18694	0	280
2026.03.20	11:00:00	4645.388	4674.270	4636.927	4671.624	14887	0	280
2026.03.20	12:00:00	4671.741	4695.521	4661.926	4678.318	19469	0	280
2026.03.20	13:00:00	4678.117	4679.654	4612.673	4616.291	76668	0	280
2026.03.20	14:00:00	4616.235	4622.497	4547.772	4564.242	107620	0	280
2026.03.20	15:00:00	4564.192	4580.144	4540.416	4553.170	77824	0	280
2026.03.20	16:00:00	4553.323	4613.753	4551.683	4583.424	57314	0	280
2026.03.20	17:00:00	4583.368	4600.819	4554.029	4573.448	58690	0	280
2026.03.20	18:00:00	4573.524	4578.497	4477.057	4499.574	60797	0	260
2026.03.20	19:00:00	4499.630	4516.731	4485.232	4501.417	75018	0	260
2026.03.20	20:00:00	4501.593	4514.556	4493.411	4497.479	24617	0	260
2026.03.22	22:00:00	4477.751	4536.100	4449.511	4497.942	22793	0	280
2026.03.22	23:00:00	4497.972	4510.752	4452.439	4464.724	26134	0	280
2026.03.23	00:00:00	4464.563	4473.179	4319.487	4354.359	105785	0	260
2026.03.23	01:00:00	4354.286	4454.137	4329.725	4387.596	123349	0	260
2026.03.23	02:00:00	4387.468	4422.062	4354.783	4360.474	78999	0	260
2026.03.23	03:00:00	4360.562	4377.985	4334.807	4352.986	50502	0	260
2026.03.23	04:00:00	4352.913	4381.604	4349.953	4367.235	31410	0	260
2026.03.23	05:00:00	4367.209	4379.949	4302.194	4310.138	56991	0	260
2026.03.23	06:00:00	4310.269	4310.420	4162.906	4220.146	129661	0	260
2026.03.23	07:00:00	4220.202	4232.854	4098.357	4204.099	167224	0	260
2026.03.23	08:00:00	4204.149	4270.613	4202.958	4250.896	113700	0	260
2026.03.23	09:00:00	4250.945	4308.344	4223.403	4253.244	80597	0	260
2026.03.23	10:00:00	4253.343	4281.930	4240.861	4269.084	63319	0	260
2026.03.23	11:00:00	4269.038	4463.418	4268.994	4379.120	181376	0	280
2026.03.23	12:00:00	4378.812	4492.646	4336.637	4478.287	143057	0	350
2026.03.23	13:00:00	4478.340	4485.444	4401.409	4454.286	164487	0	372
2026.03.23	14:00:00	4454.132	4512.782	4453.268	4461.895	121945	0	364
2026.03.23	15:00:00	4461.667	4486.875	4350.961	4363.649	116825	0	364
2026.03.23	16:00:00	4363.582	4391.642	4352.407	4375.333	115117	0	364
2026.03.23	17:00:00	4375.240	4438.973	4370.696	4426.147	65802	0	364
2026.03.23	18:00:00	4426.196	4467.074	4402.145	4449.004	57035	0	364
2026.03.23	19:00:00	4449.029	4450.637	4392.714	4397.762	53150	0	364
2026.03.23	20:00:00	4397.675	4413.134	4382.757	4406.513	15555	0	364
2026.03.23	22:00:00	4419.787	4431.373	4361.373	4426.607	19707	0	364
2026.03.23	23:00:00	4426.650	4448.021	4421.810	4441.191	15241	0	364
2026.03.24	00:00:00	4441.133	4446.587	4330.988	4364.542	58004	0	364
2026.03.24	01:00:00	4364.485	4374.009	4307.759	4322.202	86779	0	364
2026.03.24	02:00:00	4322.256	4379.299	4305.617	4366.107	63332	0	364
2026.03.24	03:00:00	4366.253	4368.332	4334.882	4347.179	37659	0	364
2026.03.24	04:00:00	4346.924	4357.229	4326.554	4333.396	24175	0	364
2026.03.24	05:00:00	4333.281	4374.008	4319.453	4346.966	54030	0	336
2026.03.24	06:00:00	4347.020	4405.048	4342.620	4401.980	59988	0	336
2026.03.24	07:00:00	4402.202	4432.388	4399.404	4417.077	45716	0	364
2026.03.24	08:00:00	4416.949	4420.932	4391.164	4411.743	42384	0	364
2026.03.24	09:00:00	4411.761	4430.805	4395.749	4426.496	27585	0	364
2026.03.24	10:00:00	4426.587	4441.790	4414.464	4438.431	25564	0	364
2026.03.24	11:00:00	4438.495	4442.108	4375.204	4407.617	56233	0	364
2026.03.24	12:00:00	4407.714	4427.484	4362.016	4378.856	57315	0	364
2026.03.24	13:00:00	4378.805	4389.975	4351.461	4381.512	94576	0	364
2026.03.24	14:00:00	4381.580	4433.862	4380.549	4415.780	85964	0	364
2026.03.24	15:00:00	4415.802	4430.831	4396.120	4411.557	63739	0	364
2026.03.24	16:00:00	4411.696	4427.622	4402.330	4421.237	37708	0	364
2026.03.24	17:00:00	4421.299	4426.290	4372.129	4388.593	64873	0	364
2026.03.24	18:00:00	4388.416	4423.595	4383.673	4389.523	43114	0	364
2026.03.24	19:00:00	4389.367	4411.301	4388.419	4400.157	23800	0	364
2026.03.24	20:00:00	4400.392	4484.005	4397.239	4476.664	45008	0	364
2026.03.24	22:00:00	4479.586	4485.664	4455.974	4484.311	15556	0	364
2026.03.24	23:00:00	4484.660	4551.356	4472.622	4546.757	21504	0	364
2026.03.25	00:00:00	4546.670	4571.919	4537.330	4563.259	32693	0	364
2026.03.25	01:00:00	4563.199	4601.095	4552.212	4594.974	38053	0	364
2026.03.25	02:00:00	4594.920	4602.458	4579.642	4583.677	25291	0	364
2026.03.25	03:00:00	4583.482	4586.192	4567.503	4570.152	17205	0	364
2026.03.25	04:00:00	4570.157	4574.686	4565.569	4572.299	9625	0	364
2026.03.25	05:00:00	4572.644	4573.383	4549.282	4555.425	19447	0	364
2026.03.25	06:00:00	4555.699	4556.936	4533.157	4545.347	21332	0	364
2026.03.25	07:00:00	4545.286	4563.308	4536.861	4539.389	20851	0	280
2026.03.25	08:00:00	4539.476	4567.781	4535.624	4556.234	33034	0	280
2026.03.25	09:00:00	4556.181	4567.616	4527.474	4551.962	26925	0	280
2026.03.25	10:00:00	4551.881	4562.438	4550.933	4558.893	20604	0	280
2026.03.25	11:00:00	4558.942	4585.701	4555.987	4578.795	22773	0	280
2026.03.25	12:00:00	4578.744	4583.830	4522.030	4544.058	49775	0	280
2026.03.25	13:00:00	4543.950	4576.485	4540.743	4544.789	69336	0	280
2026.03.25	14:00:00	4544.692	4579.377	4532.875	4567.249	56505	0	280
2026.03.25	15:00:00	4567.295	4569.105	4525.001	4559.113	49661	0	280
2026.03.25	16:00:00	4559.056	4564.986	4545.138	4555.434	37889	0	280
2026.03.25	17:00:00	4555.387	4564.021	4542.581	4550.714	29773	0	280
2026.03.25	18:00:00	4550.647	4569.031	4530.626	4538.317	33934	0	280
2026.03.25	19:00:00	4538.362	4539.634	4486.821	4530.658	45023	0	280
2026.03.25	20:00:00	4530.594	4542.058	4494.554	4505.785	19694	0	280
2026.03.25	22:00:00	4518.062	4534.671	4505.589	4517.528	15670	0	280
2026.03.25	23:00:00	4517.643	4518.277	4488.884	4498.103	15491	0	280
2026.03.26	00:00:00	4498.351	4539.337	4498.122	4535.789	28126	0	280
2026.03.26	01:00:00	4535.742	4544.567	4522.368	4535.615	34410	0	280
2026.03.26	02:00:00	4535.696	4535.853	4505.624	4508.953	23519	0	280
2026.03.26	03:00:00	4508.730	4518.898	4499.955	4516.446	18392	0	280
2026.03.26	04:00:00	4516.500	4524.097	4511.522	4520.444	10361	0	280
2026.03.26	05:00:00	4520.512	4522.340	4438.822	4438.972	37459	0	280
2026.03.26	06:00:00	4439.136	4459.384	4415.730	4456.193	53624	0	280
2026.03.26	07:00:00	4456.336	4463.877	4438.833	4452.742	35567	0	280
2026.03.26	08:00:00	4452.531	4459.249	4412.354	4427.746	50859	0	280
2026.03.26	09:00:00	4427.766	4437.069	4414.335	4423.589	38750	0	280
2026.03.26	10:00:00	4423.579	4448.074	4416.975	4443.278	32829	0	280
2026.03.26	11:00:00	4443.333	4456.805	4418.935	4423.150	31714	0	280
2026.03.26	12:00:00	4423.194	4445.796	4416.248	4429.249	38563	0	280
2026.03.26	13:00:00	4429.137	4460.325	4420.176	4452.581	73108	0	280
2026.03.26	14:00:00	4452.633	4479.502	4437.213	4464.987	81385	0	280
2026.03.26	15:00:00	4464.859	4469.190	4433.705	4438.118	55987	0	280
2026.03.26	16:00:00	4438.071	4442.828	4366.713	4389.390	70966	0	280
2026.03.26	17:00:00	4389.349	4402.645	4377.372	4381.273	48595	0	280
2026.03.26	18:00:00	4381.223	4397.857	4367.599	4394.365	34735	0	280
2026.03.26	19:00:00	4394.322	4399.273	4359.008	4364.039	40291	0	280
2026.03.26	20:00:00	4363.973	4420.705	4350.950	4380.944	70518	0	280
2026.03.26	22:00:00	4382.189	4415.115	4380.987	4411.334	12360	0	280
2026.03.26	23:00:00	4411.208	4414.321	4389.986	4404.911	10941	0	280
2026.03.27	00:00:00	4404.958	4411.088	4375.187	4378.411	23711	0	280
2026.03.27	01:00:00	4378.434	4420.808	4377.052	4417.200	29041	0	280
2026.03.27	02:00:00	4417.246	4440.666	4417.014	4431.939	24022	0	280
2026.03.27	03:00:00	4431.943	4446.168	4421.088	4437.392	18694	0	280
2026.03.27	04:00:00	4437.553	4449.482	4431.378	4446.151	10387	0	280
2026.03.27	05:00:00	4446.120	4475.324	4440.324	4454.611	24800	0	280
2026.03.27	06:00:00	4454.560	4473.016	4451.765	4459.554	24917	0	280
2026.03.27	07:00:00	4459.705	4462.962	4442.647	4447.634	18617	0	280
2026.03.27	08:00:00	4447.529	4450.947	4423.694	4424.257	23034	0	280
2026.03.27	09:00:00	4424.211	4438.360	4420.786	4428.903	19637	0	280
2026.03.27	10:00:00	4428.925	4432.988	4410.478	4414.879	18788	0	280
2026.03.27	11:00:00	4414.760	4426.366	4404.209	4419.818	20839	0	280
2026.03.27	12:00:00	4419.871	4445.334	4412.674	4437.744	24437	0	280
2026.03.27	13:00:00	4437.801	4443.745	4413.404	4431.560	31426	0	280
2026.03.27	14:00:00	4431.614	4514.860	4430.649	4509.638	41575	0	280
2026.03.27	15:00:00	4509.765	4555.421	4501.763	4523.995	49452	0	280
2026.03.27	16:00:00	4524.058	4533.849	4505.590	4515.931	25210	0	280
2026.03.27	17:00:00	4515.996	4521.974	4486.289	4486.524	23495	0	280
2026.03.27	18:00:00	4486.662	4528.660	4486.662	4516.907	21972	0	280
2026.03.27	19:00:00	4516.847	4526.119	4500.687	4514.485	20006	0	280
2026.03.27	20:00:00	4514.543	4520.336	4490.790	4495.377	11515	0	280
2026.03.29	22:00:00	4511.704	4513.900	4480.369	4484.679	17305	0	280
2026.03.29	23:00:00	4484.625	4492.614	4443.776	4448.566	16227	0	280
2026.03.30	00:00:00	4448.666	4466.886	4418.467	4432.287	36043	0	280
2026.03.30	01:00:00	4432.095	4475.619	4431.570	4469.458	35159	0	280
2026.03.30	02:00:00	4469.423	4499.208	4458.802	4481.098	20495	0	280
2026.03.30	03:00:00	4481.183	4517.590	4478.739	4496.149	16958	0	280
2026.03.30	04:00:00	4495.938	4498.749	4486.177	4496.887	9963	0	280
2026.03.30	05:00:00	4496.944	4528.363	4496.705	4522.320	15421	0	280
2026.03.30	06:00:00	4522.414	4550.588	4516.850	4532.561	20009	0	280
2026.03.30	07:00:00	4532.500	4534.929	4515.673	4527.204	16537	0	280
2026.03.30	08:00:00	4527.084	4540.581	4525.027	4538.058	12182	0	280
2026.03.30	09:00:00	4538.311	4540.565	4523.704	4532.405	13046	0	280
2026.03.30	10:00:00	4532.195	4540.042	4527.510	4532.448	10238	0	280
2026.03.30	11:00:00	4532.504	4580.694	4525.408	4559.383	25257	0	280
2026.03.30	12:00:00	4559.444	4578.064	4545.330	4569.328	18110	0	280
2026.03.30	13:00:00	4569.491	4578.606	4516.608	4523.350	38243	0	280
2026.03.30	14:00:00	4523.290	4541.207	4512.119	4538.655	37932	0	280
2026.03.30	15:00:00	4538.706	4556.708	4524.705	4548.401	23626	0	280
2026.03.30	16:00:00	4548.345	4549.647	4531.534	4539.764	16074	0	280
2026.03.30	17:00:00	4539.946	4542.132	4511.245	4514.881	19967	0	280
2026.03.30	18:00:00	4514.817	4523.074	4498.270	4498.763	14970	0	280
2026.03.30	19:00:00	4498.959	4518.272	4492.993	4513.621	22492	0	280
2026.03.30	20:00:00	4513.548	4516.435	4500.748	4511.240	7229	0	280
2026.03.30	22:00:00	4513.963	4523.756	4502.090	4510.868	6503	0	280
2026.03.30	23:00:00	4510.776	4521.347	4492.358	4513.571	9598	0	280
2026.03.31	00:00:00	4513.540	4548.206	4482.562	4547.821	30967	0	280
2026.03.31	01:00:00	4547.882	4619.464	4531.960	4604.845	38954	0	280
2026.03.31	02:00:00	4604.893	4607.119	4565.406	4568.311	23304	0	280
2026.03.31	03:00:00	4568.242	4577.017	4550.304	4556.941	15541	0	280
2026.03.31	04:00:00	4556.946	4569.565	4556.946	4564.909	10008	0	280
2026.03.31	05:00:00	4564.721	4581.748	4547.704	4568.734	15719	0	280
2026.03.31	06:00:00	4568.921	4569.105	4553.239	4557.319	15055	0	280
2026.03.31	07:00:00	4557.381	4565.811	4543.200	4564.411	13586	0	280
2026.03.31	08:00:00	4564.492	4575.031	4560.602	4568.580	12968	0	280
2026.03.31	09:00:00	4568.693	4572.223	4550.101	4555.413	12503	0	280
2026.03.31	10:00:00	4555.352	4561.772	4529.263	4546.968	13162	0	280
2026.03.31	11:00:00	4546.890	4593.107	4540.957	4582.116	27268	0	280
2026.03.31	12:00:00	4582.320	4597.590	4569.069	4574.886	22184	0	280
2026.03.31	13:00:00	4574.941	4609.592	4567.818	4607.412	23818	0	280
2026.03.31	14:00:00	4607.305	4630.188	4594.738	4598.899	37033	0	280
2026.03.31	15:00:00	4599.083	4625.327	4599.083	4609.586	22059	0	280
2026.03.31	16:00:00	4609.528	4651.616	4606.870	4638.250	40433	0	280
2026.03.31	17:00:00	4638.314	4667.367	4636.421	4654.703	34519	0	280
2026.03.31	18:00:00	4654.663	4671.104	4653.590	4667.394	17791	0	280
2026.03.31	19:00:00	4667.510	4685.670	4661.598	4682.776	19289	0	280
2026.03.31	20:00:00	4682.714	4687.332	4664.637	4668.181	9405	0	280
2026.03.31	22:00:00	4681.652	4696.332	4661.870	4680.896	13048	0	280
2026.03.31	23:00:00	4680.988	4699.990	4671.824	4696.420	8256	0	280
2026.04.01	00:00:00	4696.362	4722.402	4693.436	4710.987	17626	0	280
2026.04.01	01:00:00	4711.044	4724.207	4681.262	4692.558	24717	0	280
2026.04.01	02:00:00	4692.627	4700.535	4678.219	4684.684	14052	0	280
2026.04.01	03:00:00	4684.618	4694.236	4679.710	4681.965	9436	0	280
2026.04.01	04:00:00	4682.039	4682.145	4667.099	4676.485	7635	0	280
2026.04.01	05:00:00	4676.262	4703.421	4674.721	4684.345	11384	0	280
2026.04.01	06:00:00	4684.410	4733.045	4682.363	4730.476	16750	0	280
2026.04.01	07:00:00	4730.533	4747.670	4709.633	4712.892	18328	0	280
2026.04.01	08:00:00	4712.969	4740.383	4710.449	4728.583	15881	0	280
2026.04.01	09:00:00	4728.641	4730.086	4713.120	4723.136	12223	0	280
2026.04.01	10:00:00	4723.075	4738.774	4715.353	4731.247	10494	0	280
2026.04.01	11:00:00	4731.186	4762.899	4728.210	4752.159	13276	0	280
2026.04.01	12:00:00	4752.104	4753.660	4724.121	4724.551	28832	0	280
2026.04.01	13:00:00	4724.787	4749.390	4715.923	4738.101	32936	0	280
2026.04.01	14:00:00	4738.220	4768.907	4724.148	4760.852	33124	0	280
2026.04.01	15:00:00	4760.909	4788.333	4758.161	4786.549	20162	0	280
2026.04.01	16:00:00	4786.655	4790.756	4774.111	4787.104	12948	0	280
2026.04.01	17:00:00	4787.252	4792.885	4773.501	4774.416	11863	0	280
2026.04.01	18:00:00	4774.390	4775.203	4741.975	4753.191	23274	0	280
2026.04.01	19:00:00	4753.300	4778.093	4750.947	4766.131	17805	0	280
2026.04.01	20:00:00	4765.832	4771.230	4754.038	4756.817	7067	0	280
2026.04.01	22:00:00	4758.857	4782.779	4756.430	4776.579	4863	0	280
2026.04.01	23:00:00	4776.575	4800.288	4773.723	4784.149	7979	0	280
2026.04.02	00:00:00	4784.220	4798.722	4774.863	4784.598	14877	0	280
2026.04.02	01:00:00	4784.449	4786.464	4650.353	4696.477	82421	0	280
2026.04.02	02:00:00	4696.444	4703.816	4655.035	4686.887	37443	0	280
2026.04.02	03:00:00	4686.911	4699.316	4675.606	4676.232	15266	0	280
2026.04.02	04:00:00	4676.194	4681.464	4657.042	4672.434	13842	0	280
2026.04.02	05:00:00	4672.494	4680.478	4585.935	4594.056	34035	0	280
2026.04.02	06:00:00	4594.349	4608.348	4553.758	4599.050	44240	0	280
2026.04.02	07:00:00	4598.990	4651.185	4597.095	4642.794	20115	0	280
2026.04.02	08:00:00	4642.739	4648.858	4617.042	4620.846	18230	0	280
2026.04.02	09:00:00	4620.636	4632.014	4612.950	4621.834	14579	0	280
2026.04.02	10:00:00	4621.927	4635.236	4603.862	4620.579	15474	0	280
2026.04.02	11:00:00	4620.434	4630.582	4592.684	4599.953	18138	0	280
2026.04.02	12:00:00	4599.950	4630.187	4594.429	4602.013	23527	0	280
2026.04.02	13:00:00	4602.077	4651.334	4580.323	4645.954	59678	0	280
2026.04.02	14:00:00	4646.012	4699.823	4631.623	4681.456	72385	0	280
2026.04.02	15:00:00	4681.556	4684.124	4652.564	4660.855	39191	0	280
2026.04.02	16:00:00	4660.917	4670.721	4642.724	4658.962	25251	0	280
2026.04.02	17:00:00	4658.863	4668.359	4645.679	4648.759	19675	0	280
2026.04.02	18:00:00	4648.779	4672.161	4647.393	4668.583	13889	0	280
2026.04.02	19:00:00	4668.517	4681.772	4661.433	4672.084	15655	0	280
2026.04.02	20:00:00	4672.145	4676.952	4664.388	4675.248	7580	0	280
2026.04.05	22:00:00	4662.786	4662.786	4608.436	4645.446	19017	0	280
2026.04.05	23:00:00	4645.542	4651.229	4605.062	4610.601	11853	0	280
2026.04.06	00:00:00	4610.685	4629.470	4600.547	4622.285	19433	0	280
2026.04.06	01:00:00	4622.149	4643.079	4620.561	4625.766	13663	0	280
2026.04.06	02:00:00	4626.034	4671.739	4623.598	4648.141	17606	0	280
2026.04.06	03:00:00	4648.077	4648.133	4625.196	4640.471	12626	0	280
2026.04.06	04:00:00	4640.483	4660.089	4639.913	4658.897	7406	0	280
2026.04.06	05:00:00	4658.903	4678.881	4651.382	4652.763	10464	0	280
2026.04.06	06:00:00	4652.770	4667.837	4643.392	4665.842	11945	0	280
2026.04.06	07:00:00	4665.784	4688.617	4644.963	4684.819	13212	0	280
2026.04.06	08:00:00	4684.750	4698.211	4680.458	4695.555	13452	0	280
2026.04.06	09:00:00	4695.623	4706.668	4690.797	4693.624	11486	0	280
2026.04.06	10:00:00	4693.470	4697.508	4684.766	4689.899	11326	0	280
2026.04.06	11:00:00	4689.967	4696.869	4677.027	4677.876	10085	0	280
2026.04.06	12:00:00	4677.935	4686.816	4659.499	4675.895	12256	0	280
2026.04.06	13:00:00	4675.715	4681.691	4659.661	4679.753	26895	0	280
2026.04.06	14:00:00	4680.125	4697.655	4660.120	4682.902	31166	0	280
2026.04.06	15:00:00	4682.976	4684.002	4652.008	4668.123	20453	0	280
2026.04.06	16:00:00	4668.204	4672.572	4657.656	4660.478	12771	0	280
2026.04.06	17:00:00	4660.545	4661.074	4645.687	4653.718	15023	0	280
2026.04.06	18:00:00	4653.775	4666.588	4648.628	4658.174	11589	0	280
2026.04.06	19:00:00	4658.237	4659.317	4645.399	4655.301	8408	0	280
2026.04.06	20:00:00	4655.267	4658.351	4649.109	4649.887	4411	0	280
2026.04.06	22:00:00	4661.108	4667.769	4656.770	4658.358	5400	0	280
2026.04.06	23:00:00	4658.470	4661.144	4651.601	4658.850	4240	0	280
2026.04.07	00:00:00	4658.955	4661.428	4649.028	4654.995	9761	0	280
2026.04.07	01:00:00	4654.692	4664.174	4616.266	4626.778	38652	0	280
2026.04.07	02:00:00	4626.750	4654.068	4619.676	4650.351	16023	0	280
2026.04.07	03:00:00	4650.295	4654.034	4639.480	4649.663	9407	0	280
2026.04.07	04:00:00	4649.489	4664.251	4645.543	4659.667	8165	0	280
2026.04.07	05:00:00	4659.733	4661.450	4622.779	4642.825	16116	0	280
2026.04.07	06:00:00	4643.142	4656.377	4637.658	4653.304	15485	0	280
2026.04.07	07:00:00	4653.169	4657.123	4636.630	4645.856	12220	0	280
2026.04.07	08:00:00	4646.159	4690.709	4644.148	4682.931	25250	0	280
2026.04.07	09:00:00	4682.909	4694.584	4658.726	4670.721	16783	0	280
2026.04.07	10:00:00	4670.779	4680.437	4649.101	4652.178	23703	0	280
2026.04.07	11:00:00	4652.065	4664.152	4628.627	4659.776	17614	0	280
2026.04.07	12:00:00	4659.862	4670.777	4646.713	4651.413	19462	0	280
2026.04.07	13:00:00	4651.751	4663.167	4635.449	4644.342	27671	0	280
2026.04.07	14:00:00	4644.080	4661.281	4607.254	4633.392	38226	0	280
2026.04.07	15:00:00	4633.326	4659.371	4624.816	4655.601	25970	0	280
2026.04.07	16:00:00	4655.482	4668.329	4652.411	4657.120	20209	0	280
2026.04.07	17:00:00	4657.100	4686.458	4653.812	4676.051	17582	0	280
2026.04.07	18:00:00	4675.917	4686.355	4657.350	4662.318	13342	0	280
2026.04.07	19:00:00	4662.379	4718.702	4660.690	4700.621	64887	0	280
2026.04.07	20:00:00	4700.684	4717.051	4697.178	4706.244	15754	0	280
2026.04.07	22:00:00	4740.816	4819.872	4713.602	4818.159	27211	0	360
2026.04.07	23:00:00	4818.321	4836.350	4801.823	4833.203	26762	0	280
2026.04.08	00:00:00	4833.471	4857.340	4808.753	4817.738	33056	0	280
2026.04.08	01:00:00	4817.682	4825.249	4788.013	4810.231	31153	0	280
2026.04.08	02:00:00	4810.151	4825.162	4798.466	4803.729	12872	0	280
2026.04.08	03:00:00	4803.788	4805.984	4795.008	4797.596	10100	0	280
2026.04.08	04:00:00	4797.615	4806.661	4790.052	4803.451	9069	0	280
2026.04.08	05:00:00	4803.750	4843.822	4800.286	4827.893	12698	0	280
2026.04.08	06:00:00	4827.350	4839.718	4820.012	4820.012	16337	0	280
2026.04.08	07:00:00	4819.922	4821.113	4805.183	4813.413	13986	0	280
2026.04.08	08:00:00	4813.481	4819.841	4790.167	4793.841	13526	0	280
2026.04.08	09:00:00	4793.945	4806.723	4776.158	4783.301	12279	0	280
2026.04.08	10:00:00	4783.257	4796.177	4770.987	4782.710	10242	0	280
2026.04.08	11:00:00	4782.625	4802.827	4777.847	4798.457	15205	0	280
2026.04.08	12:00:00	4798.509	4807.082	4768.442	4799.671	23094	0	280
2026.04.08	13:00:00	4799.571	4806.699	4767.580	4777.771	29338	0	280
2026.04.08	14:00:00	4777.822	4791.974	4732.165	4736.428	37104	0	280
2026.04.08	15:00:00	4736.198	4763.231	4734.248	4756.462	21663	0	280
2026.04.08	16:00:00	4756.609	4765.618	4745.181	4760.641	13472	0	280
2026.04.08	17:00:00	4760.528	4764.395	4731.564	4734.134	15815	0	280
2026.04.08	18:00:00	4734.058	4744.455	4703.423	4705.432	25625	0	280
2026.04.08	19:00:00	4705.251	4731.856	4699.492	4730.439	20172	0	280
2026.04.08	20:00:00	4730.529	4732.209	4716.984	4719.615	6261	0	280
2026.04.08	22:00:00	4729.169	4732.601	4704.566	4717.771	8281	0	280
2026.04.08	23:00:00	4717.637	4720.026	4705.396	4715.520	6848	0	280
2026.04.09	00:00:00	4715.678	4719.081	4698.134	4706.629	13912	0	280
2026.04.09	01:00:00	4706.571	4728.007	4699.615	4727.112	21184	0	280
2026.04.09	02:00:00	4727.176	4732.955	4717.502	4719.169	10148	0	280
2026.04.09	03:00:00	4719.108	4720.280	4705.164	4711.444	9871	0	280
2026.04.09	04:00:00	4711.554	4725.510	4709.679	4720.926	6479	0	280
2026.04.09	05:00:00	4720.986	4726.650	4705.710	4713.347	11615	0	280
2026.04.09	06:00:00	4713.325	4725.367	4703.348	4712.632	13517	0	280
2026.04.09	07:00:00	4712.569	4731.242	4705.647	4724.228	15975	0	280
2026.04.09	08:00:00	4724.325	4733.186	4719.871	4726.249	10044	0	280
2026.04.09	09:00:00	4726.212	4733.382	4723.063	4729.112	8516	0	280
2026.04.09	10:00:00	4729.048	4746.644	4723.473	4741.271	9692	0	280
2026.04.09	11:00:00	4740.971	4757.459	4738.358	4756.362	8837	0	280
2026.04.09	12:00:00	4756.426	4759.840	4734.854	4745.755	14033	0	280
2026.04.09	13:00:00	4745.958	4777.234	4738.555	4764.454	22793	0	280
2026.04.09	14:00:00	4764.512	4776.199	4747.006	4768.249	20185	0	280
2026.04.09	15:00:00	4768.308	4797.980	4761.112	4792.875	21452	0	280
2026.04.09	16:00:00	4792.938	4801.052	4784.300	4788.667	13884	0	280
2026.04.09	17:00:00	4788.751	4801.202	4786.722	4797.639	10389	0	280
2026.04.09	18:00:00	4797.571	4798.155	4767.551	4772.235	15854	0	280
2026.04.09	19:00:00	4772.169	4782.662	4766.847	4768.865	23887	0	280
2026.04.09	20:00:00	4768.923	4773.320	4760.740	4764.982	5885	0	280
2026.04.09	22:00:00	4779.108	4779.317	4758.617	4764.061	6163	0	280
2026.04.09	23:00:00	4764.061	4764.256	4757.005	4763.591	4747	0	280
2026.04.10	00:00:00	4763.654	4763.654	4750.691	4762.878	10585	0	280
2026.04.10	01:00:00	4762.787	4777.119	4757.911	4764.602	14054	0	280
2026.04.10	02:00:00	4764.690	4765.345	4737.858	4752.900	12346	0	280
2026.04.10	03:00:00	4752.836	4769.528	4752.742	4766.321	7984	0	280
2026.04.10	04:00:00	4766.450	4770.840	4758.002	4758.673	5364	0	280
2026.04.10	05:00:00	4758.611	4769.178	4757.382	4766.064	8259	0	280
2026.04.10	06:00:00	4765.904	4765.904	4742.793	4746.548	11044	0	280
2026.04.10	07:00:00	4746.223	4757.451	4741.210	4749.724	8158	0	280
2026.04.10	08:00:00	4749.802	4753.262	4730.601	4740.607	10434	0	280
2026.04.10	09:00:00	4740.758	4760.842	4740.543	4751.421	11268	0	280
2026.04.10	10:00:00	4751.463	4760.624	4742.354	4757.208	7243	0	280
2026.04.10	11:00:00	4756.938	4768.949	4753.228	4768.056	7376	0	280
2026.04.10	12:00:00	4768.276	4782.249	4759.878	4771.927	15405	0	160
2026.04.10	13:00:00	4771.858	4780.240	4764.909	4775.074	20832	0	280
2026.04.10	14:00:00	4775.317	4795.160	4767.163	4774.877	21138	0	280
2026.04.10	15:00:00	4774.949	4787.323	4754.924	4761.992	18478	0	280
2026.04.10	16:00:00	4762.195	4766.013	4747.379	4763.796	15158	0	280
2026.04.10	17:00:00	4763.760	4768.562	4757.944	4760.388	10078	0	280
2026.04.10	18:00:00	4760.453	4773.273	4750.814	4765.059	9390	0	280
2026.04.10	19:00:00	4765.236	4770.499	4758.325	4759.735	7819	0	280
2026.04.10	20:00:00	4759.780	4759.986	4740.855	4749.320	7033	0	280
2026.04.12	22:00:00	4670.253	4685.152	4644.106	4658.844	13712	0	280
2026.04.12	23:00:00	4658.845	4671.818	4644.461	4671.255	9357	0	280
2026.04.13	00:00:00	4671.339	4698.609	4664.642	4695.610	14040	0	280
2026.04.13	01:00:00	4695.302	4728.110	4693.589	4721.125	23270	0	280
2026.04.13	02:00:00	4721.228	4727.968	4711.285	4720.493	12126	0	280
2026.04.13	03:00:00	4720.450	4723.863	4712.165	4718.120	7424	0	280
2026.04.13	04:00:00	4718.248	4724.982	4708.422	4723.173	7104	0	280
2026.04.13	05:00:00	4722.972	4730.726	4716.304	4729.518	9476	0	280
2026.04.13	06:00:00	4729.279	4732.739	4720.821	4725.430	10934	0	280
2026.04.13	07:00:00	4725.509	4740.049	4724.701	4733.772	11364	0	280
2026.04.13	08:00:00	4733.795	4738.595	4719.944	4723.493	10129	0	280
2026.04.13	09:00:00	4723.433	4728.643	4710.517	4714.755	10225	0	280
2026.04.13	10:00:00	4714.814	4723.913	4708.107	4721.986	7889	0	280
2026.04.13	11:00:00	4721.925	4729.099	4703.374	4706.779	12059	0	280
2026.04.13	12:00:00	4706.937	4725.150	4703.657	4723.434	14216	0	280
2026.04.13	13:00:00	4723.520	4744.721	4721.207	4730.649	27285	0	280
2026.04.13	14:00:00	4730.526	4731.298	4708.645	4719.121	22724	0	280
2026.04.13	15:00:00	4718.896	4719.712	4700.207	4714.469	17411	0	280
2026.04.13	16:00:00	4714.323	4746.229	4709.302	4733.070	22779	0	280
2026.04.13	17:00:00	4733.096	4749.903	4725.611	4730.011	12888	0	280
2026.04.13	18:00:00	4730.009	4740.664	4722.994	4738.255	8915	0	280
2026.04.13	19:00:00	4738.182	4747.408	4730.727	4741.169	8481	0	280
2026.04.13	20:00:00	4741.166	4744.119	4738.185	4741.043	4261	0	280
2026.04.13	22:00:00	4750.691	4759.531	4745.742	4757.786	5263	0	280
2026.04.13	23:00:00	4757.802	4765.958	4754.433	4757.364	5286	0	280
2026.04.14	00:00:00	4757.642	4775.713	4751.512	4769.644	10864	0	280
2026.04.14	01:00:00	4769.867	4776.948	4761.725	4764.584	14246	0	280
2026.04.14	02:00:00	4764.674	4777.266	4762.111	4774.921	8583	0	280
2026.04.14	03:00:00	4774.998	4775.608	4765.625	4768.232	6043	0	280
2026.04.14	04:00:00	4768.206	4776.815	4766.835	4774.210	4341	0	280
2026.04.14	05:00:00	4774.085	4774.312	4757.958	4760.151	8961	0	280
2026.04.14	06:00:00	4760.141	4783.103	4760.078	4781.944	9458	0	280
2026.04.14	07:00:00	4782.016	4796.392	4767.916	4777.093	14609	0	280
2026.04.14	08:00:00	4776.977	4789.836	4773.997	4786.873	9528	0	280
2026.04.14	09:00:00	4786.788	4789.119	4771.387	4778.305	8815	0	280
2026.04.14	10:00:00	4778.356	4788.020	4751.773	4768.531	9864	0	280
2026.04.14	11:00:00	4768.466	4782.988	4766.715	4775.028	9253	0	280
2026.04.14	12:00:00	4775.068	4777.488	4762.105	4771.467	13685	0	280
2026.04.14	13:00:00	4771.296	4803.307	4771.032	4794.423	20028	0	280
2026.04.14	14:00:00	4794.486	4818.009	4792.785	4803.933	18770	0	280
2026.04.14	15:00:00	4803.839	4816.122	4791.044	4808.019	14241	0	280
2026.04.14	16:00:00	4808.209	4820.446	4804.883	4810.224	10254	0	280
2026.04.14	17:00:00	4810.226	4841.377	4809.314	4835.170	11393	0	280
2026.04.14	18:00:00	4835.067	4843.367	4830.908	4835.658	8105	0	280
2026.04.14	19:00:00	4835.898	4846.197	4835.898	4844.608	7635	0	280
2026.04.14	20:00:00	4844.678	4846.024	4839.482	4840.682	3937	0	280
2026.04.14	22:00:00	4839.717	4850.578	4833.330	4835.095	5551	0	308
2026.04.14	23:00:00	4834.953	4844.055	4833.666	4836.910	5933	0	280
2026.04.15	00:00:00	4836.967	4839.824	4827.122	4835.528	7983	0	280
2026.04.15	01:00:00	4835.557	4871.290	4828.044	4847.179	18743	0	280
2026.04.15	02:00:00	4846.900	4853.259	4820.394	4823.991	13982	0	280
2026.04.15	03:00:00	4823.870	4829.581	4816.811	4824.042	8346	0	280
2026.04.15	04:00:00	4824.033	4827.784	4820.531	4825.055	5139	0	280
2026.04.15	05:00:00	4824.753	4830.450	4812.549	4819.645	11883	0	280
2026.04.15	06:00:00	4819.834	4824.958	4810.899	4811.757	9824	0	280
2026.04.15	07:00:00	4811.699	4816.778	4803.936	4811.002	11615	0	280
2026.04.15	08:00:00	4810.905	4821.061	4804.397	4818.211	9716	0	280
2026.04.15	09:00:00	4818.238	4819.360	4786.070	4798.234	14035	0	280
2026.04.15	10:00:00	4798.170	4805.079	4790.067	4799.904	12394	0	280
2026.04.15	11:00:00	4800.134	4815.033	4795.556	4812.637	9601	0	280
2026.04.15	12:00:00	4812.549	4816.217	4807.082	4811.656	9993	0	280
2026.04.15	13:00:00	4811.667	4829.941	4808.450	4828.622	17716	0	280
2026.04.15	14:00:00	4828.535	4830.631	4813.422	4815.579	13657	0	280
2026.04.15	15:00:00	4815.684	4816.169	4786.713	4801.779	16994	0	280
2026.04.15	16:00:00	4801.599	4812.745	4800.028	4803.780	11221	0	280
2026.04.15	17:00:00	4803.958	4808.590	4790.703	4792.507	9965	0	280
2026.04.15	18:00:00	4792.399	4802.125	4789.954	4799.808	9247	0	280
2026.04.15	19:00:00	4799.656	4803.380	4794.342	4795.930	7043	0	280
2026.04.15	20:00:00	4795.989	4796.718	4787.731	4791.109	4366	0	280
2026.04.15	22:00:00	4797.183	4811.940	4791.070	4807.675	4687	0	280
2026.04.15	23:00:00	4807.654	4826.601	4807.542	4823.547	4535	0	280
2026.04.16	00:00:00	4823.203	4837.544	4820.355	4833.139	8065	0	280
2026.04.16	01:00:00	4832.873	4836.314	4811.195	4818.040	10979	0	280
2026.04.16	02:00:00	4817.940	4824.957	4812.514	4819.492	8297	0	280
2026.04.16	03:00:00	4819.711	4827.024	4819.001	4824.153	5862	0	280
2026.04.16	04:00:00	4824.153	4833.491	4822.893	4832.801	4613	0	280
2026.04.16	05:00:00	4832.942	4838.319	4821.156	4821.335	8190	0	280
2026.04.16	06:00:00	4821.406	4830.488	4814.119	4826.113	11040	0	280
2026.04.16	07:00:00	4826.171	4830.865	4816.991	4821.189	10421	0	280
2026.04.16	08:00:00	4821.178	4821.798	4806.390	4813.669	9872	0	280
2026.04.16	09:00:00	4813.571	4817.889	4806.802	4812.594	7997	0	280
2026.04.16	10:00:00	4812.779	4817.370	4804.992	4817.003	7183	0	280
2026.04.16	11:00:00	4817.069	4822.516	4815.440	4822.151	6998	0	280
2026.04.16	12:00:00	4822.086	4823.088	4811.372	4816.309	9236	0	280
2026.04.16	13:00:00	4816.320	4823.868	4784.636	4794.707	21178	0	280
2026.04.16	14:00:00	4794.623	4805.222	4772.907	4788.704	27206	0	280
2026.04.16	15:00:00	4788.563	4812.875	4788.177	4806.736	17618	0	280
2026.04.16	16:00:00	4806.671	4810.205	4785.116	4792.079	13621	0	280
2026.04.16	17:00:00	4792.201	4795.348	4781.352	4788.986	11486	0	280
2026.04.16	18:00:00	4788.918	4793.973	4785.627	4789.425	8954	0	280
2026.04.16	19:00:00	4789.361	4798.615	4789.361	4793.716	7302	0	280
2026.04.16	20:00:00	4793.611	4793.908	4786.284	4790.049	3861	0	280
2026.04.16	22:00:00	4794.428	4797.715	4791.039	4795.354	4523	0	280
2026.04.16	23:00:00	4795.296	4797.765	4791.568	4791.644	4236	0	280
2026.04.17	00:00:00	4791.552	4801.181	4785.718	4794.883	6996	0	280
2026.04.17	01:00:00	4794.945	4795.707	4767.561	4789.244	15226	0	280
2026.04.17	02:00:00	4789.240	4794.770	4784.416	4784.664	7188	0	280
2026.04.17	03:00:00	4784.721	4798.311	4784.721	4793.397	6806	0	280
2026.04.17	04:00:00	4793.339	4804.568	4792.541	4802.802	4664	0	280
2026.04.17	05:00:00	4802.813	4806.312	4793.669	4794.256	8387	0	280
2026.04.17	06:00:00	4794.350	4795.252	4779.128	4784.981	9320	0	280
2026.04.17	07:00:00	4785.121	4794.799	4778.642	4784.453	7864	0	280
2026.04.17	08:00:00	4784.439	4796.755	4780.846	4795.737	7520	0	280
2026.04.17	09:00:00	4795.678	4800.954	4790.018	4790.433	6803	0	280
2026.04.17	10:00:00	4790.491	4793.959	4782.162	4787.196	6454	0	280
2026.04.17	11:00:00	4787.256	4811.712	4783.297	4799.193	7981	0	280
2026.04.17	12:00:00	4799.258	4847.680	4797.573	4846.427	22410	0	280
2026.04.17	13:00:00	4846.153	4889.686	4834.695	4879.990	44428	0	280
2026.04.17	14:00:00	4880.053	4885.465	4860.627	4873.221	22802	0	280
2026.04.17	15:00:00	4873.288	4880.312	4854.700	4867.484	20068	0	280
2026.04.17	16:00:00	4867.393	4873.494	4863.672	4866.776	9754	0	280
2026.04.17	17:00:00	4866.959	4869.652	4853.702	4862.590	13518	0	280
2026.04.17	18:00:00	4862.442	4868.084	4855.854	4858.295	8812	0	280
2026.04.17	19:00:00	4858.353	4861.280	4852.699	4854.554	8793	0	280
2026.04.17	20:00:00	4854.649	4855.164	4830.594	4832.882	9606	0	280
2026.04.19	22:00:00	4774.480	4795.276	4770.877	4779.312	11394	0	360
2026.04.19	23:00:00	4779.331	4779.406	4736.757	4755.183	12080	0	360
2026.04.20	00:00:00	4755.285	4774.220	4744.969	4772.287	15636	0	280
2026.04.20	01:00:00	4772.225	4814.333	4771.107	4807.898	18889	0	280
2026.04.20	02:00:00	4807.725	4809.041	4793.013	4797.346	9828	0	280
2026.04.20	03:00:00	4797.125	4798.264	4788.811	4790.948	7679	0	280
2026.04.20	04:00:00	4791.011	4795.838	4786.979	4788.787	6203	0	280
2026.04.20	05:00:00	4788.634	4795.730	4779.465	4790.717	11584	0	280
2026.04.20	06:00:00	4790.584	4795.457	4783.709	4795.260	11601	0	280
2026.04.20	07:00:00	4795.375	4805.577	4786.891	4789.633	11963	0	280
2026.04.20	08:00:00	4789.719	4796.049	4785.898	4795.937	8418	0	280
2026.04.20	09:00:00	4796.042	4797.801	4783.327	4791.379	8119	0	280
2026.04.20	10:00:00	4791.726	4800.899	4789.931	4795.651	6428	0	280
2026.04.20	11:00:00	4795.762	4810.832	4786.552	4810.288	9063	0	280
2026.04.20	12:00:00	4810.230	4822.144	4798.922	4803.462	13023	0	280
2026.04.20	13:00:00	4803.521	4826.442	4799.682	4817.912	19850	0	280
2026.04.20	14:00:00	4817.976	4827.589	4792.330	4805.151	23041	0	280
2026.04.20	15:00:00	4805.055	4809.487	4792.588	4799.614	18217	0	280
2026.04.20	16:00:00	4799.844	4806.252	4792.717	4805.312	9345	0	280
2026.04.20	17:00:00	4805.491	4812.241	4803.823	4806.845	8020	0	280
2026.04.20	18:00:00	4806.931	4816.580	4806.931	4813.915	6836	0	280
2026.04.20	19:00:00	4814.072	4821.458	4810.355	4814.123	5927	0	280
2026.04.20	20:00:00	4814.138	4821.975	4812.146	4820.757	3844	0	280
2026.04.20	22:00:00	4827.500	4833.095	4820.848	4827.729	6722	0	280
2026.04.20	23:00:00	4827.491	4831.900	4819.793	4821.563	4376	0	280
2026.04.21	00:00:00	4821.611	4830.532	4816.689	4823.967	9368	0	280
2026.04.21	01:00:00	4823.741	4824.401	4805.594	4810.001	10564	0	280
2026.04.21	02:00:00	4810.276	4810.414	4802.312	4806.940	7336	0	280
2026.04.21	03:00:00	4806.988	4807.703	4792.426	4797.252	7381	0	280
2026.04.21	04:00:00	4797.040	4797.761	4788.591	4788.891	5864	0	280
2026.04.21	05:00:00	4788.984	4796.805	4782.976	4784.166	9717	0	280
2026.04.21	06:00:00	4784.179	4790.681	4774.419	4778.934	11265	0	280
2026.04.21	07:00:00	4778.840	4792.562	4772.668	4786.069	8929	0	280
2026.04.21	08:00:00	4786.134	4792.735	4774.536	4786.236	8895	0	280
2026.04.21	09:00:00	4786.170	4789.689	4781.036	4783.794	7232	0	280
2026.04.21	10:00:00	4783.853	4790.343	4780.732	4789.501	5834	0	280
2026.04.21	11:00:00	4789.632	4797.993	4775.149	4794.697	9545	0	280
2026.04.21	12:00:00	4794.610	4796.965	4766.799	4778.595	14243	0	280
2026.04.21	13:00:00	4778.530	4794.237	4760.443	4779.104	22715	0	280
2026.04.21	14:00:00	4779.084	4782.625	4723.398	4738.802	32917	0	280
2026.04.21	15:00:00	4738.869	4757.438	4727.803	4741.446	31201	0	280
2026.04.21	16:00:00	4741.452	4746.791	4707.940	4711.131	19481	0	280
2026.04.21	17:00:00	4711.099	4722.227	4696.818	4710.878	26341	0	280
2026.04.21	18:00:00	4710.730	4714.586	4692.198	4709.038	16694	0	280
2026.04.21	19:00:00	4709.095	4715.046	4668.170	4679.204	29329	0	280
2026.04.21	20:00:00	4679.298	4719.322	4668.715	4718.750	20559	0	280
2026.04.21	22:00:00	4719.882	4729.498	4715.424	4719.303	6070	0	280
2026.04.21	23:00:00	4719.426	4740.434	4718.168	4737.924	6092	0	280
2026.04.22	00:00:00	4738.061	4747.450	4738.061	4739.674	8879	0	280
2026.04.22	01:00:00	4739.618	4754.694	4735.850	4752.199	12023	0	280
2026.04.22	02:00:00	4751.994	4758.866	4750.136	4755.622	6940	0	280
2026.04.22	03:00:00	4755.529	4765.045	4753.006	4758.242	6363	0	280
2026.04.22	04:00:00	4758.289	4759.676	4752.368	4754.492	5676	0	280
2026.04.22	05:00:00	4754.435	4772.175	4752.163	4767.512	10033	0	280
2026.04.22	06:00:00	4767.471	4767.863	4758.828	4767.450	6540	0	280
2026.04.22	07:00:00	4767.390	4772.287	4759.452	4760.633	7531	0	280
2026.04.22	08:00:00	4760.640	4762.340	4751.779	4757.061	7433	0	280
2026.04.22	09:00:00	4757.038	4762.476	4752.181	4755.026	7067	0	280
2026.04.22	10:00:00	4755.366	4760.026	4745.696	4759.125	7247	0	280
2026.04.22	11:00:00	4759.086	4760.775	4747.705	4750.547	7733	0	280
2026.04.22	12:00:00	4750.335	4760.134	4742.831	4744.318	10994	0	280
2026.04.22	13:00:00	4744.238	4760.813	4736.304	4752.827	20262	0	280
2026.04.22	14:00:00	4752.661	4757.297	4730.049	4735.753	17369	0	280
2026.04.22	15:00:00	4735.811	4740.179	4724.919	4727.730	13136	0	280
2026.04.22	16:00:00	4727.815	4734.980	4723.827	4728.527	9474	0	280
2026.04.22	17:00:00	4728.470	4739.327	4728.437	4737.237	8622	0	280
2026.04.22	18:00:00	4737.293	4749.662	4729.729	4741.681	6977	0	280
2026.04.22	19:00:00	4741.854	4745.387	4736.818	4739.995	7741	0	280
2026.04.22	20:00:00	4740.215	4740.490	4734.493	4739.443	4430	0	280
2026.04.22	22:00:00	4744.823	4745.760	4725.773	4726.047	4332	0	280
2026.04.22	23:00:00	4726.110	4729.805	4723.353	4727.939	4465	0	280
2026.04.23	00:00:00	4728.005	4753.764	4694.007	4747.977	26656	0	280
2026.04.23	01:00:00	4748.105	4749.931	4722.507	4723.229	15368	0	280
2026.04.23	02:00:00	4723.356	4724.728	4698.030	4698.846	18565	0	280
2026.04.23	03:00:00	4698.881	4708.706	4697.982	4703.895	12963	0	280
2026.04.23	04:00:00	4703.805	4707.008	4698.638	4704.486	6440	0	280
2026.04.23	05:00:00	4704.201	4715.326	4692.157	4713.257	11328	0	280
2026.04.23	06:00:00	4713.530	4721.211	4708.651	4712.933	10223	0	280
2026.04.23	07:00:00	4712.988	4720.390	4703.142	4718.977	10736	0	280
2026.04.23	08:00:00	4719.008	4724.812	4701.462	4703.438	8935	0	280
2026.04.23	09:00:00	4703.381	4703.757	4694.742	4697.377	9926	0	280
2026.04.23	10:00:00	4697.311	4701.659	4684.142	4696.355	10573	0	280
2026.04.23	11:00:00	4696.438	4720.756	4695.582	4720.416	10152	0	280
2026.04.23	12:00:00	4720.479	4743.101	4719.570	4740.076	18419	0	280
2026.04.23	13:00:00	4739.956	4741.180	4723.727	4724.454	17380	0	280
2026.04.23	14:00:00	4724.378	4736.684	4716.964	4733.629	19517	0	280
2026.04.23	15:00:00	4733.697	4741.004	4716.381	4720.358	14977	0	280
2026.04.23	16:00:00	4720.469	4736.939	4715.546	4732.719	10550	0	280
2026.04.23	17:00:00	4732.750	4734.368	4664.031	4709.108	46689	0	280
2026.04.23	18:00:00	4709.165	4722.109	4699.297	4701.174	22779	0	280
2026.04.23	19:00:00	4701.132	4704.461	4689.182	4696.031	15535	0	280
2026.04.23	20:00:00	4695.865	4698.167	4686.376	4692.946	6727	0	280
2026.04.23	22:00:00	4699.668	4699.890	4690.045	4693.076	4693	0	280
2026.04.23	23:00:00	4693.089	4700.542	4686.564	4695.224	5542	0	280
2026.04.24	00:00:00	4695.297	4707.807	4690.817	4704.457	12235	0	280
2026.04.24	01:00:00	4704.396	4711.137	4690.114	4699.322	14757	0	280
2026.04.24	02:00:00	4699.247	4700.561	4672.888	4676.768	12565	0	280
2026.04.24	03:00:00	4676.676	4678.300	4668.597	4672.171	9393	0	280
2026.04.24	04:00:00	4672.046	4676.656	4657.657	4674.252	9017	0	280
2026.04.24	05:00:00	4674.319	4687.416	4669.596	4686.193	9050	0	280
2026.04.24	06:00:00	4686.250	4688.139	4666.689	4671.934	9035	0	280
2026.04.24	07:00:00	4671.851	4695.224	4670.918	4694.285	7531	0	280
2026.04.24	08:00:00	4694.337	4697.315	4685.182	4690.734	8234	0	280
2026.04.24	09:00:00	4690.928	4696.600	4679.203	4682.005	8947	0	280
2026.04.24	10:00:00	4681.894	4686.151	4674.631	4677.892	7333	0	280
2026.04.24	11:00:00	4677.824	4717.390	4677.824	4706.672	21590	0	280
2026.04.24	12:00:00	4706.752	4711.747	4690.303	4700.759	13343	0	280
2026.04.24	13:00:00	4700.793	4717.558	4689.518	4711.927	18701	0	280
2026.04.24	14:00:00	4711.570	4740.324	4706.822	4726.374	22789	0	280
2026.04.24	15:00:00	4726.437	4733.238	4714.483	4727.046	19268	0	280
2026.04.24	16:00:00	4727.014	4729.666	4718.929	4726.505	11519	0	280
2026.04.24	17:00:00	4726.561	4730.011	4718.911	4723.391	10145	0	280
2026.04.24	18:00:00	4723.461	4724.794	4716.783	4722.514	6673	0	280
2026.04.24	19:00:00	4722.572	4726.012	4713.589	4716.572	6925	0	280
2026.04.24	20:00:00	4716.527	4717.438	4705.247	4708.409	5460	0	280
2026.04.26	22:00:00	4696.068	4699.827	4680.100	4684.697	6496	0	280
2026.04.26	23:00:00	4684.615	4684.704	4674.842	4680.054	5284	0	280
2026.04.27	00:00:00	4680.118	4698.078	4672.020	4697.616	9159	0	280
2026.04.27	01:00:00	4697.702	4709.777	4690.941	4702.530	15876	0	280
2026.04.27	02:00:00	4702.581	4723.482	4696.141	4718.316	10455	0	280
2026.04.27	03:00:00	4718.181	4729.309	4714.521	4724.080	8125	0	280
2026.04.27	04:00:00	4723.909	4730.124	4722.687	4724.779	5512	0	280
2026.04.27	05:00:00	4724.796	4725.306	4708.684	4710.126	7784	0	280
2026.04.27	06:00:00	4710.023	4715.634	4709.098	4712.766	8284	0	280
2026.04.27	07:00:00	4712.709	4718.170	4710.098	4713.355	7956	0	280
2026.04.27	08:00:00	4713.188	4714.611	4705.282	4706.887	7515	0	280
2026.04.27	09:00:00	4706.813	4708.149	4699.281	4703.448	6444	0	280
2026.04.27	10:00:00	4703.509	4711.035	4699.401	4708.863	5309	0	280
2026.04.27	11:00:00	4708.918	4708.957	4699.924	4704.635	6419	0	280
2026.04.27	12:00:00	4704.826	4712.477	4696.841	4699.246	10371	0	280
2026.04.27	13:00:00	4699.328	4703.291	4688.951	4695.966	16159	0	280
2026.04.27	14:00:00	4696.069	4696.680	4676.348	4677.845	17500	0	280
2026.04.27	15:00:00	4678.126	4682.506	4666.995	4670.131	14995	0	280
2026.04.27	16:00:00	4670.103	4679.281	4667.116	4676.471	8298	0	280
2026.04.27	17:00:00	4676.528	4686.232	4668.047	4682.301	9384	0	280
2026.04.27	18:00:00	4682.239	4685.523	4678.865	4680.816	5918	0	280
2026.04.27	19:00:00	4680.760	4682.712	4676.587	4680.568	5926	0	280
2026.04.27	20:00:00	4680.625	4681.241	4677.292	4680.033	3216	0	280
2026.04.27	22:00:00	4684.223	4691.047	4682.036	4687.745	4093	0	280
2026.04.27	23:00:00	4687.891	4695.085	4687.141	4692.035	3616	0	280
2026.04.28	00:00:00	4692.097	4701.388	4690.417	4690.522	6714	0	280
2026.04.28	01:00:00	4690.463	4691.282	4669.287	4670.774	10849	0	280
2026.04.28	02:00:00	4670.832	4679.573	4666.315	4669.223	9271	0	280
2026.04.28	03:00:00	4669.058	4675.841	4668.373	4670.943	6440	0	280
2026.04.28	04:00:00	4670.886	4671.315	4666.575	4667.556	4894	0	280
2026.04.28	05:00:00	4667.401	4668.028	4623.797	4632.322	17374	0	280
2026.04.28	06:00:00	4632.184	4643.078	4623.193	4629.003	13293	0	280
2026.04.28	07:00:00	4629.049	4639.373	4620.609	4633.000	12147	0	280
2026.04.28	08:00:00	4633.219	4635.305	4614.600	4629.658	13169	0	280
2026.04.28	09:00:00	4629.589	4630.052	4604.539	4604.916	11550	0	280
2026.04.28	10:00:00	4604.788	4616.324	4603.166	4603.295	8456	0	280
2026.04.28	11:00:00	4603.366	4608.612	4555.292	4562.459	20656	0	280
2026.04.28	12:00:00	4562.681	4600.131	4554.677	4593.803	23071	0	280
2026.04.28	13:00:00	4593.463	4594.632	4570.716	4580.408	28074	0	280
2026.04.28	14:00:00	4580.167	4580.747	4557.127	4574.298	28365	0	280
2026.04.28	15:00:00	4574.242	4586.403	4566.895	4586.270	20164	0	280
2026.04.28	16:00:00	4586.359	4594.943	4577.960	4592.143	12986	0	280
2026.04.28	17:00:00	4592.415	4601.513	4586.963	4594.789	10905	0	280
2026.04.28	18:00:00	4594.781	4600.670	4592.162	4594.325	7716	0	280
2026.04.28	19:00:00	4594.440	4599.860	4593.458	4595.731	7244	0	280
2026.04.28	20:00:00	4595.673	4598.603	4591.056	4596.491	4211	0	280
2026.04.28	22:00:00	4598.337	4599.516	4592.540	4593.924	3109	0	280
2026.04.28	23:00:00	4593.913	4595.992	4587.849	4595.762	4027	0	280
2026.04.29	00:00:00	4595.717	4610.188	4594.843	4600.041	9600	0	280
2026.04.29	01:00:00	4600.158	4600.371	4575.786	4584.583	18209	0	280
2026.04.29	02:00:00	4584.628	4604.074	4584.628	4593.483	10720	0	280
2026.04.29	03:00:00	4593.594	4603.319	4592.076	4595.207	6968	0	280
2026.04.29	04:00:00	4595.267	4605.704	4595.149	4604.634	5501	0	280
2026.04.29	05:00:00	4604.838	4607.683	4590.581	4591.137	7732	0	280
2026.04.29	06:00:00	4590.910	4598.474	4580.672	4584.354	10299	0	280
2026.04.29	07:00:00	4584.273	4588.682	4567.124	4567.950	11933	0	280
2026.04.29	08:00:00	4568.043	4576.541	4557.149	4573.252	12369	0	280
2026.04.29	09:00:00	4573.257	4580.946	4551.404	4555.656	11412	0	280
2026.04.29	10:00:00	4555.599	4576.421	4554.870	4569.765	8674	0	280
2026.04.29	11:00:00	4569.797	4571.927	4559.216	4561.740	9345	0	280
2026.04.29	12:00:00	4561.452	4568.921	4541.438	4544.675	12370	0	280
2026.04.29	13:00:00	4545.010	4553.304	4510.099	4521.852	24015	0	280
2026.04.29	14:00:00	4521.577	4542.758	4517.697	4539.122	20547	0	280
2026.04.29	15:00:00	4539.066	4558.694	4536.246	4547.852	21245	0	280
2026.04.29	16:00:00	4547.794	4564.972	4543.211	4545.281	14705	0	280
2026.04.29	17:00:00	4545.484	4554.442	4541.391	4547.196	12840	0	280
2026.04.29	18:00:00	4547.357	4552.717	4517.951	4537.831	31541	0	280
2026.04.29	19:00:00	4537.972	4550.545	4533.161	4547.032	16198	0	280
2026.04.29	20:00:00	4546.938	4553.592	4541.438	4543.667	12922	0	280
2026.04.29	22:00:00	4542.822	4552.668	4539.271	4552.153	4861	0	280
2026.04.29	23:00:00	4552.019	4562.086	4549.413	4561.717	4704	0	280
2026.04.30	00:00:00	4561.621	4574.116	4556.278	4569.663	12880	0	280
2026.04.30	01:00:00	4569.606	4582.525	4564.477	4579.166	13635	0	280
2026.04.30	02:00:00	4579.197	4581.923	4559.607	4564.686	12118	0	280
2026.04.30	03:00:00	4564.649	4568.859	4555.500	4556.017	8196	0	280
2026.04.30	04:00:00	4555.991	4556.984	4540.766	4542.172	9421	0	280
2026.04.30	05:00:00	4542.107	4569.698	4541.982	4562.677	9834	0	280
2026.04.30	06:00:00	4562.690	4591.579	4560.172	4589.269	12671	0	280
2026.04.30	07:00:00	4589.461	4605.493	4584.769	4598.212	10305	0	280
2026.04.30	08:00:00	4598.271	4629.680	4597.267	4616.314	17112	0	280
2026.04.30	09:00:00	4616.476	4631.759	4614.246	4624.962	14145	0	280
2026.04.30	10:00:00	4625.030	4646.985	4623.613	4639.626	14613	0	280
2026.04.30	11:00:00	4639.633	4645.821	4626.547	4629.938	16385	0	280
2026.04.30	12:00:00	4629.998	4639.933	4624.654	4639.527	14097	0	280
2026.04.30	13:00:00	4639.404	4646.064	4610.394	4610.687	24267	0	280
2026.04.30	14:00:00	4610.787	4626.084	4609.100	4619.789	34696	0	280
2026.04.30	15:00:00	4619.605	4625.525	4611.131	4615.249	16472	0	280
2026.04.30	16:00:00	4615.391	4617.747	4605.159	4607.440	11237	0	280
2026.04.30	17:00:00	4607.327	4621.717	4607.327	4616.624	11213	0	280
2026.04.30	18:00:00	4616.773	4625.151	4616.754	4622.521	8099	0	280
2026.04.30	19:00:00	4622.350	4627.462	4614.527	4617.011	8290	0	280
2026.04.30	20:00:00	4617.070	4622.042	4615.465	4620.659	5556	0	280
2026.04.30	22:00:00	4627.751	4632.607	4625.196	4630.419	4326	0	280
2026.04.30	23:00:00	4630.485	4634.006	4626.341	4626.341	4250	0	280
2026.05.01	00:00:00	4626.429	4630.935	4618.461	4619.685	9295	0	280
2026.05.01	01:00:00	4619.812	4622.011	4613.727	4620.975	7314	0	280
2026.05.01	02:00:00	4620.891	4635.972	4616.441	4619.150	7683	0	280
2026.05.01	03:00:00	4619.093	4631.900	4617.600	4626.758	6356	0	280
2026.05.01	04:00:00	4626.825	4628.871	4609.071	4609.224	7079	0	280
2026.05.01	05:00:00	4609.140	4616.072	4602.796	4605.003	6715	0	280
2026.05.01	06:00:00	4604.966	4607.832	4590.674	4594.715	9194	0	280
2026.05.01	07:00:00	4594.648	4597.839	4575.937	4578.283	9355	0	280
2026.05.01	08:00:00	4578.326	4582.647	4564.984	4568.904	8759	0	280
2026.05.01	09:00:00	4568.967	4572.851	4559.759	4562.623	7571	0	280
2026.05.01	10:00:00	4562.510	4575.972	4561.312	4566.714	5967	0	280
2026.05.01	11:00:00	4566.797	4579.537	4562.465	4578.746	7549	0	280
2026.05.01	12:00:00	4578.619	4607.838	4574.707	4591.148	14796	0	280
2026.05.01	13:00:00	4590.973	4628.942	4586.335	4625.461	18196	0	280
2026.05.01	14:00:00	4625.054	4660.228	4625.054	4632.053	27662	0	280
2026.05.01	15:00:00	4632.108	4648.145	4618.897	4643.232	18111	0	280
2026.05.01	16:00:00	4642.964	4650.139	4633.906	4639.027	13966	0	280
2026.05.01	17:00:00	4638.964	4642.713	4626.615	4629.579	9584	0	280
2026.05.01	18:00:00	4629.685	4630.637	4613.739	4624.095	9323	0	280
2026.05.01	19:00:00	4624.176	4627.751	4608.813	4610.663	8114	0	280
2026.05.01	20:00:00	4610.589	4617.066	4606.980	4613.396	5871	0	280
2026.05.03	22:00:00	4625.982	4629.330	4612.488	4618.962	5828	0	280
2026.05.03	23:00:00	4618.949	4620.749	4611.106	4613.764	5837	0	280
2026.05.04	00:00:00	4613.930	4616.553	4601.714	4613.143	11656	0	280
2026.05.04	01:00:00	4613.088	4614.112	4592.562	4612.889	10634	0	280
2026.05.04	02:00:00	4612.832	4618.557	4591.039	4605.947	10343	0	280
2026.05.04	03:00:00	4605.845	4617.175	4598.415	4614.940	10287	0	280
2026.05.04	04:00:00	4614.988	4615.493	4605.295	4606.073	7335	0	280
2026.05.04	05:00:00	4606.157	4613.072	4592.287	4598.909	11967	0	280
2026.05.04	06:00:00	4599.082	4600.643	4583.552	4588.758	11885	0	280
2026.05.04	07:00:00	4588.588	4593.300	4577.905	4579.056	9760	0	280
2026.05.04	08:00:00	4579.074	4581.422	4573.684	4577.038	9651	0	280
2026.05.04	09:00:00	4576.989	4584.430	4572.069	4575.524	6761	0	280
2026.05.04	10:00:00	4575.475	4575.909	4525.715	4562.425	30261	0	280
2026.05.04	11:00:00	4562.427	4570.886	4551.491	4560.144	18581	0	280
2026.05.04	12:00:00	4560.222	4579.388	4559.077	4568.404	17521	0	280
2026.05.04	13:00:00	4568.185	4575.665	4555.710	4564.164	28112	0	280
2026.05.04	14:00:00	4564.088	4583.355	4553.445	4561.524	26237	0	280
2026.05.04	15:00:00	4561.581	4566.115	4512.130	4521.488	45143	0	280
2026.05.04	16:00:00	4521.394	4527.002	4500.602	4510.630	29710	0	280
2026.05.04	17:00:00	4510.553	4531.698	4510.553	4522.218	15020	0	280
2026.05.04	18:00:00	4522.274	4525.327	4509.741	4516.211	9495	0	280
2026.05.04	19:00:00	4516.039	4527.122	4511.094	4517.782	11286	0	280
2026.05.04	20:00:00	4517.628	4523.347	4511.635	4523.347	4646	0	280
2026.05.04	22:00:00	4522.570	4524.272	4515.545	4517.338	3416	0	280
2026.05.04	23:00:00	4517.253	4521.604	4516.254	4518.866	3577	0	280
2026.05.05	00:00:00	4519.021	4530.204	4513.422	4529.986	9086	0	280
2026.05.05	01:00:00	4529.889	4542.057	4525.229	4540.838	9322	0	280
2026.05.05	02:00:00	4540.772	4546.826	4534.590	4539.104	6644	0	280
2026.05.05	03:00:00	4538.916	4542.641	4532.209	4534.614	5311	0	280
2026.05.05	04:00:00	4534.577	4536.710	4527.957	4533.540	5681	0	280
2026.05.05	05:00:00	4533.478	4551.888	4531.215	4545.565	9107	0	280
2026.05.05	06:00:00	4545.880	4552.164	4533.757	4548.156	9560	0	280
2026.05.05	07:00:00	4548.214	4558.400	4543.267	4545.490	8800	0	280
2026.05.05	08:00:00	4545.514	4559.659	4545.386	4558.268	8809	0	280
2026.05.05	09:00:00	4558.335	4560.568	4550.987	4556.058	8150	0	280
2026.05.05	10:00:00	4556.116	4556.866	4540.042	4543.623	7210	0	280
2026.05.05	11:00:00	4543.511	4564.930	4539.704	4562.760	8856	0	280
2026.05.05	12:00:00	4562.541	4574.721	4554.233	4564.445	11592	0	280
2026.05.05	13:00:00	4564.396	4584.922	4564.338	4579.503	14146	0	280
2026.05.05	14:00:00	4579.565	4586.718	4565.767	4582.317	16075	0	280
2026.05.05	15:00:00	4582.387	4583.879	4568.257	4568.633	9937	0	280
2026.05.05	16:00:00	4568.578	4569.080	4553.643	4560.983	9090	0	280
2026.05.05	17:00:00	4560.998	4562.799	4553.151	4559.652	7436	0	280
2026.05.05	18:00:00	4559.758	4565.749	4557.582	4561.099	5239	0	280
2026.05.05	19:00:00	4560.926	4561.497	4551.615	4554.677	5408	0	280
2026.05.05	20:00:00	4554.737	4559.882	4553.868	4556.316	3686	0	280
2026.05.05	22:00:00	4554.910	4577.111	4546.180	4573.191	6504	0	280
2026.05.05	23:00:00	4573.314	4595.796	4569.554	4593.801	8844	0	280
2026.05.06	00:00:00	4593.761	4620.040	4588.283	4618.636	12337	0	280
2026.05.06	01:00:00	4618.574	4628.581	4609.429	4625.927	14516	0	280
2026.05.06	02:00:00	4625.871	4641.817	4625.175	4640.684	9056	0	280
2026.05.06	03:00:00	4640.447	4652.115	4638.372	4643.892	8553	0	280
2026.05.06	04:00:00	4643.754	4653.646	4643.402	4648.870	7916	0	280
2026.05.06	05:00:00	4649.082	4663.826	4644.427	4662.710	8930	0	280
2026.05.06	06:00:00	4662.774	4669.630	4657.114	4669.059	9537	0	280
2026.05.06	07:00:00	4669.116	4681.797	4657.481	4681.662	9545	0	280
2026.05.06	08:00:00	4681.494	4702.649	4671.471	4699.812	14351	0	280
2026.05.06	09:00:00	4699.871	4708.454	4688.678	4701.600	15990	0	280
2026.05.06	10:00:00	4701.779	4723.017	4695.239	4717.877	13976	0	280
2026.05.06	11:00:00	4717.698	4721.254	4690.656	4692.050	14721	0	280
2026.05.06	12:00:00	4692.125	4693.110	4660.057	4683.363	19374	0	280
2026.05.06	13:00:00	4683.125	4707.736	4668.563	4702.355	23521	0	280
2026.05.06	14:00:00	4702.169	4717.368	4697.493	4702.843	18773	0	280
2026.05.06	15:00:00	4702.786	4705.845	4687.496	4687.917	12068	0	280
2026.05.06	16:00:00	4687.781	4691.918	4679.343	4683.039	10654	0	280
2026.05.06	17:00:00	4682.927	4688.020	4678.721	4683.856	8731	0	280
2026.05.06	18:00:00	4683.994	4690.586	4681.779	4686.123	6309	0	280
2026.05.06	19:00:00	4686.192	4700.111	4686.000	4692.249	6767	0	280
2026.05.06	20:00:00	4692.196	4699.413	4685.006	4690.769	4948	0	280
2026.05.06	22:00:00	4693.254	4699.744	4689.252	4695.032	4431	0	280
2026.05.06	23:00:00	4694.970	4699.524	4690.024	4698.855	4444	0	280
2026.05.07	00:00:00	4698.977	4701.211	4685.419	4688.490	11761	0	280
2026.05.07	01:00:00	4688.550	4721.282	4685.204	4714.911	14380	0	280
2026.05.07	02:00:00	4714.874	4718.519	4699.693	4707.050	10323	0	280
2026.05.07	03:00:00	4707.217	4710.002	4698.887	4699.239	6556	0	280
2026.05.07	04:00:00	4699.177	4700.899	4692.238	4696.316	7385	0	280
2026.05.07	05:00:00	4696.488	4706.505	4694.761	4701.180	7478	0	280
2026.05.07	06:00:00	4701.237	4750.223	4701.196	4739.193	13496	0	280
2026.05.07	07:00:00	4739.253	4750.672	4731.408	4743.196	14607	0	280
2026.05.07	08:00:00	4743.273	4753.369	4730.837	4731.119	11683	0	280
2026.05.07	09:00:00	4731.289	4739.355	4721.565	4729.061	9660	0	280
2026.05.07	10:00:00	4728.799	4739.691	4726.566	4735.741	8142	0	280
2026.05.07	11:00:00	4735.814	4743.619	4727.072	4742.595	9139	0	280
2026.05.07	12:00:00	4742.760	4752.732	4733.197	4749.869	12536	0	280
2026.05.07	13:00:00	4749.949	4758.051	4731.013	4746.172	19494	0	280
2026.05.07	14:00:00	4746.168	4763.382	4740.787	4762.470	16191	0	280
2026.05.07	15:00:00	4762.532	4764.782	4726.087	4729.076	17898	0	280
2026.05.07	16:00:00	4729.147	4729.759	4704.289	4714.787	20343	0	280
2026.05.07	17:00:00	4714.845	4719.469	4687.352	4711.235	26042	0	280
2026.05.07	18:00:00	4711.307	4715.975	4695.504	4709.544	17480	0	280
2026.05.07	19:00:00	4709.612	4712.956	4697.643	4703.091	14587	0	280
2026.05.07	20:00:00	4703.153	4719.218	4686.305	4688.445	11830	0	280
2026.05.07	22:00:00	4688.985	4699.182	4681.762	4685.968	7654	0	280
2026.05.07	23:00:00	4685.832	4705.563	4684.534	4704.064	5146	0	280
2026.05.08	00:00:00	4703.996	4709.359	4693.892	4701.174	11332	0	280
2026.05.08	01:00:00	4701.102	4725.484	4700.306	4722.660	14066	0	280
2026.05.08	02:00:00	4722.715	4732.777	4706.777	4713.370	12551	0	280
2026.05.08	03:00:00	4713.313	4730.991	4710.967	4719.697	8855	0	280
2026.05.08	04:00:00	4719.755	4723.075	4708.759	4710.991	7368	0	280
2026.05.08	05:00:00	4711.147	4731.376	4709.482	4727.619	9155	0	280
2026.05.08	06:00:00	4727.301	4734.604	4712.604	4725.477	12623	0	280
2026.05.08	07:00:00	4725.569	4726.438	4697.128	4708.033	15034	0	280
2026.05.08	08:00:00	4708.035	4723.452	4706.589	4715.773	9701	0	280
2026.05.08	09:00:00	4715.553	4722.871	4707.374	4711.765	9023	0	280
2026.05.08	10:00:00	4711.759	4728.025	4711.119	4719.551	7934	0	280
2026.05.08	11:00:00	4719.622	4727.166	4713.637	4717.759	8148	0	280
2026.05.08	12:00:00	4717.715	4732.015	4702.600	4724.168	17266	0	280
2026.05.08	13:00:00	4724.405	4747.871	4716.343	4747.871	20502	0	280
2026.05.08	14:00:00	4747.939	4749.575	4713.143	4716.007	20971	0	280
2026.05.08	15:00:00	4715.789	4720.964	4701.753	4707.144	17182	0	280
2026.05.08	16:00:00	4706.983	4720.314	4705.503	4712.283	9044	0	280
2026.05.08	17:00:00	4712.151	4722.789	4712.115	4720.645	7095	0	280
2026.05.08	18:00:00	4720.686	4729.004	4719.916	4722.026	7118	0	280
2026.05.08	19:00:00	4721.917	4726.742	4720.984	4723.789	5774	0	280
2026.05.08	20:00:00	4723.858	4724.334	4714.357	4715.309	4458	0	280
2026.05.10	22:00:00	4691.841	4696.288	4678.931	4691.965	7341	0	280
2026.05.10	23:00:00	4691.899	4698.539	4688.823	4691.675	5580	0	280
2026.05.11	00:00:00	4691.609	4693.412	4669.937	4683.566	15435	0	280
2026.05.11	01:00:00	4683.603	4705.396	4674.475	4685.808	22633	0	280
2026.05.11	02:00:00	4685.697	4700.272	4676.625	4681.526	13885	0	280
2026.05.11	03:00:00	4681.473	4690.479	4674.794	4678.811	9186	0	280
2026.05.11	04:00:00	4678.531	4679.854	4668.306	4672.142	7862	0	280
2026.05.11	05:00:00	4672.120	4680.813	4648.189	4652.390	12646	0	280
2026.05.11	06:00:00	4652.448	4680.496	4649.281	4678.193	12805	0	280
2026.05.11	07:00:00	4678.329	4680.287	4664.217	4667.703	9386	0	280
2026.05.11	08:00:00	4667.627	4678.613	4664.058	4667.528	9316	0	280
2026.05.11	09:00:00	4667.666	4669.859	4650.313	4656.773	9073	0	280
2026.05.11	10:00:00	4656.694	4667.188	4656.206	4663.787	7579	0	280
2026.05.11	11:00:00	4663.712	4677.247	4663.712	4674.327	7942	0	280
2026.05.11	12:00:00	4674.617	4701.074	4667.356	4699.699	16921	0	280
2026.05.11	13:00:00	4699.761	4748.571	4698.522	4736.364	24396	0	280
2026.05.11	14:00:00	4736.252	4738.563	4715.014	4725.650	18016	0	280
2026.05.11	15:00:00	4725.584	4738.156	4722.720	4731.857	11303	0	280
2026.05.11	16:00:00	4732.221	4733.510	4707.731	4716.310	11219	0	280
2026.05.11	17:00:00	4716.268	4724.559	4715.795	4723.453	7195	0	280
2026.05.11	18:00:00	4723.514	4729.420	4720.698	4725.041	6265	0	280
2026.05.11	19:00:00	4725.108	4736.398	4722.250	4733.348	6363	0	280
2026.05.11	20:00:00	4733.275	4738.569	4729.662	4735.175	4222	0	280
2026.05.11	22:00:00	4739.467	4755.120	4737.447	4750.701	5004	0	280
2026.05.11	23:00:00	4750.931	4770.005	4745.927	4767.591	6739	0	280
2026.05.12	00:00:00	4767.215	4773.652	4748.291	4748.953	14524	0	280
2026.05.12	01:00:00	4749.393	4755.416	4720.029	4727.188	21940	0	280
2026.05.12	02:00:00	4727.121	4733.807	4722.019	4730.222	13402	0	280
2026.05.12	03:00:00	4729.846	4733.189	4717.916	4720.297	8989	0	280
2026.05.12	04:00:00	4720.275	4730.320	4711.056	4714.228	8109	0	280
2026.05.12	05:00:00	4714.134	4722.158	4708.690	4714.412	12475	0	280
2026.05.12	06:00:00	4714.156	4714.399	4694.199	4696.862	14545	0	280
2026.05.12	07:00:00	4696.788	4703.697	4686.483	4699.927	11294	0	280
2026.05.12	08:00:00	4699.864	4706.587	4696.817	4703.545	9001	0	280
2026.05.12	09:00:00	4703.487	4705.255	4694.197	4699.274	8969	0	280
2026.05.12	10:00:00	4699.370	4708.481	4685.108	4694.490	9904	0	280
2026.05.12	11:00:00	4694.264	4709.371	4686.937	4706.734	10318	0	280
2026.05.12	12:00:00	4706.802	4711.679	4689.395	4705.518	15988	0	280
2026.05.12	13:00:00	4705.466	4709.057	4676.797	4679.415	23972	0	280
2026.05.12	14:00:00	4679.349	4695.085	4669.123	4672.960	21861	0	280
2026.05.12	15:00:00	4672.988	4676.067	4637.982	4666.172	23085	0	280
2026.05.12	16:00:00	4665.936	4675.127	4664.084	4670.936	10508	0	280
2026.05.12	17:00:00	4670.994	4682.376	4670.994	4678.929	9092	0	280
2026.05.12	18:00:00	4678.986	4698.240	4676.089	4696.106	9657	0	280
2026.05.12	19:00:00	4696.183	4715.876	4696.183	4715.486	7263	0	280
2026.05.12	20:00:00	4715.723	4719.473	4712.097	4715.161	4697	0	280
2026.05.12	22:00:00	4716.910	4722.234	4711.518	4717.105	4935	0	280
2026.05.12	23:00:00	4717.056	4723.773	4715.219	4716.694	6431	0	280
2026.05.13	00:00:00	4716.950	4727.045	4713.670	4714.651	11766	0	280
2026.05.13	01:00:00	4714.522	4716.999	4701.007	4702.585	14464	0	280
2026.05.13	02:00:00	4702.221	4707.414	4687.640	4691.957	10387	0	280
2026.05.13	03:00:00	4691.712	4705.918	4688.938	4695.934	7808	0	280
2026.05.13	04:00:00	4695.751	4703.454	4695.376	4699.526	6250	0	280
2026.05.13	05:00:00	4699.579	4707.323	4693.434	4704.025	9851	0	280
2026.05.13	06:00:00	4704.164	4715.196	4699.087	4701.674	10213	0	280
2026.05.13	07:00:00	4701.738	4708.873	4696.787	4702.945	8995	0	280
2026.05.13	08:00:00	4702.885	4704.327	4694.409	4700.557	8099	0	280
2026.05.13	09:00:00	4700.482	4701.866	4685.854	4700.694	8536	0	280
2026.05.13	10:00:00	4700.758	4710.509	4693.678	4693.894	8532	0	280
2026.05.13	11:00:00	4694.259	4705.395	4691.372	4697.206	8451	0	280
2026.05.13	12:00:00	4697.266	4701.470	4675.855	4683.847	16471	0	280
2026.05.13	13:00:00	4683.786	4694.719	4669.361	4679.436	17995	0	280
2026.05.13	14:00:00	4679.495	4691.010	4672.732	4679.891	15377	0	280
2026.05.13	15:00:00	4679.949	4700.181	4678.725	4695.300	11170	0	280
2026.05.13	16:00:00	4695.384	4709.995	4694.775	4695.732	10057	0	280
2026.05.13	17:00:00	4695.788	4701.348	4684.488	4685.640	8266	0	280
2026.05.13	18:00:00	4685.708	4693.970	4677.400	4684.757	7720	0	280
2026.05.13	19:00:00	4684.814	4690.550	4683.188	4688.062	6105	0	280
2026.05.13	20:00:00	4688.165	4693.562	4685.809	4688.821	3759	0	280
2026.05.13	22:00:00	4691.677	4700.663	4688.881	4700.215	3784	0	280
2026.05.13	23:00:00	4700.151	4702.281	4693.060	4696.689	3898	0	280
2026.05.14	00:00:00	4696.333	4706.850	4689.464	4705.132	9752	0	280
2026.05.14	01:00:00	4705.053	4706.985	4683.315	4688.549	20047	0	280
2026.05.14	02:00:00	4688.612	4699.703	4679.884	4686.455	12264	0	280
2026.05.14	03:00:00	4686.542	4693.378	4673.847	4674.804	11327	0	280
2026.05.14	04:00:00	4674.890	4712.812	4667.960	4702.528	11419	0	280
2026.05.14	05:00:00	4702.599	4704.188	4689.155	4689.898	11246	0	280
2026.05.14	06:00:00	4689.866	4702.344	4685.923	4700.053	10357	0	280
2026.05.14	07:00:00	4699.966	4718.881	4690.487	4693.217	13182	0	280
2026.05.14	08:00:00	4693.280	4706.482	4691.810	4693.393	10336	0	280
2026.05.14	09:00:00	4693.464	4702.397	4688.365	4699.596	9478	0	280
2026.05.14	10:00:00	4699.375	4705.124	4691.053	4696.725	9022	0	280
2026.05.14	11:00:00	4696.792	4704.793	4689.150	4694.365	8948	0	280
2026.05.14	12:00:00	4694.067	4709.985	4692.254	4704.898	12601	0	280
2026.05.14	13:00:00	4704.636	4707.816	4666.469	4679.710	25545	0	280
2026.05.14	14:00:00	4679.649	4700.953	4677.551	4679.638	18165	0	280
2026.05.14	15:00:00	4679.582	4689.362	4676.758	4685.984	11021	0	280
2026.05.14	16:00:00	4685.629	4686.973	4670.191	4678.636	9414	0	280
2026.05.14	17:00:00	4678.693	4683.087	4676.268	4678.328	7763	0	280
2026.05.14	18:00:00	4678.385	4678.551	4666.907	4671.419	7623	0	280
2026.05.14	19:00:00	4671.477	4671.885	4652.995	4654.331	7902	0	280
2026.05.14	20:00:00	4654.112	4657.340	4644.191	4651.346	5361	0	280
2026.05.14	22:00:00	4651.752	4662.739	4646.868	4662.204	4774	0	280
2026.05.14	23:00:00	4662.502	4665.332	4646.582	4652.328	7064	0	280
2026.05.15	00:00:00	4652.404	4658.214	4613.254	4629.968	22096	0	280
2026.05.15	01:00:00	4629.908	4631.425	4607.033	4613.916	31492	0	280
2026.05.15	02:00:00	4614.111	4623.180	4609.152	4618.230	16405	0	280
2026.05.15	03:00:00	4618.136	4622.091	4607.334	4615.288	10139	0	280
2026.05.15	04:00:00	4615.337	4621.745	4604.272	4605.798	9268	0	280
2026.05.15	05:00:00	4606.013	4606.591	4556.567	4558.858	27405	0	280
2026.05.15	06:00:00	4558.418	4580.598	4556.169	4569.563	22868	0	280
2026.05.15	07:00:00	4569.623	4588.608	4565.988	4570.618	16677	0	280
2026.05.15	08:00:00	4570.608	4571.955	4549.827	4554.507	18570	0	280
2026.05.15	09:00:00	4554.421	4563.862	4531.722	4545.866	19277	0	280
2026.05.15	10:00:00	4545.792	4572.556	4543.951	4566.226	18889	0	280
2026.05.15	11:00:00	4566.158	4570.064	4549.845	4552.089	14336	0	280
2026.05.15	12:00:00	4552.058	4558.857	4543.561	4545.766	16683	0	280
2026.05.15	13:00:00	4545.969	4557.710	4511.162	4533.550	33699	0	280
2026.05.15	14:00:00	4533.492	4566.452	4525.496	4562.775	31733	0	280
2026.05.15	15:00:00	4562.843	4563.671	4533.694	4539.779	19829	0	280
2026.05.15	16:00:00	4539.835	4548.045	4529.316	4544.207	12143	0	280
2026.05.15	17:00:00	4544.149	4564.435	4543.250	4559.585	11293	0	280
2026.05.15	18:00:00	4559.649	4563.086	4552.178	4559.277	8138	0	280
2026.05.15	19:00:00	4559.143	4560.265	4545.001	4545.942	7768	0	280
2026.05.15	20:00:00	4545.878	4546.447	4532.952	4539.766	7453	0	280
2026.05.17	22:00:00	4538.378	4554.832	4538.066	4546.283	8503	0	280
2026.05.17	23:00:00	4546.295	4548.066	4531.793	4537.191	10819	0	280
2026.05.18	00:00:00	4536.965	4542.479	4480.265	4515.710	36460	0	280
2026.05.18	01:00:00	4515.770	4535.646	4489.236	4525.445	42208	0	280
2026.05.18	02:00:00	4525.467	4543.000	4521.923	4533.521	19014	0	280
2026.05.18	03:00:00	4533.580	4547.975	4525.079	4541.035	17278	0	280
2026.05.18	04:00:00	4541.266	4549.977	4530.156	4540.412	14734	0	280
2026.05.18	05:00:00	4540.550	4552.171	4529.993	4531.061	18463	0	280
2026.05.18	06:00:00	4530.901	4547.977	4529.657	4546.542	17466	0	280
2026.05.18	07:00:00	4546.611	4560.045	4538.441	4546.070	16281	0	280
2026.05.18	08:00:00	4546.015	4556.943	4542.280	4549.753	11021	0	280
2026.05.18	09:00:00	4549.982	4551.999	4540.023	4543.120	9894	0	280
2026.05.18	10:00:00	4542.801	4547.773	4532.029	4540.050	10195	0	280
2026.05.18	11:00:00	4540.263	4567.029	4529.711	4550.691	23078	0	280
2026.05.18	12:00:00	4550.757	4574.919	4545.100	4571.091	21537	0	280
2026.05.18	13:00:00	4571.172	4584.345	4561.607	4575.743	27218	0	280
2026.05.18	14:00:00	4575.671	4575.671	4537.704	4546.308	29370	0	280
2026.05.18	15:00:00	4546.399	4547.910	4531.509	4543.455	22003	0	280
2026.05.18	16:00:00	4543.738	4554.435	4533.964	4550.225	14174	0	280
2026.05.18	17:00:00	4550.167	4558.284	4545.393	4546.836	9155	0	280
2026.05.18	18:00:00	4547.087	4547.860	4534.116	4535.794	8849	0	280
2026.05.18	19:00:00	4535.646	4565.006	4535.143	4558.429	22011	0	280
2026.05.18	20:00:00	4558.486	4566.763	4557.658	4566.300	5296	0	280
2026.05.18	22:00:00	4570.360	4578.147	4567.310	4573.682	4252	0	280
2026.05.18	23:00:00	4573.916	4588.977	4573.609	4581.862	5566	0	280
2026.05.19	00:00:00	4581.926	4589.369	4561.085	4563.389	15919	0	280
2026.05.19	01:00:00	4563.307	4572.256	4553.887	4563.679	18831	0	280
2026.05.19	02:00:00	4563.563	4563.716	4545.835	4546.938	14910	0	280
2026.05.19	03:00:00	4547.130	4554.893	4543.543	4545.036	10372	0	280
2026.05.19	04:00:00	4544.963	4545.823	4537.995	4542.411	9143	0	280
2026.05.19	05:00:00	4542.483	4546.504	4530.657	4540.914	15170	0	280
2026.05.19	06:00:00	4540.740	4553.704	4533.389	4547.888	14149	0	280
2026.05.19	07:00:00	4547.943	4559.217	4541.211	4556.948	13341	0	280
2026.05.19	08:00:00	4557.021	4559.147	4536.212	4542.858	11267	0	280
2026.05.19	09:00:00	4542.579	4546.930	4535.898	4541.858	11410	0	280
2026.05.19	10:00:00	4541.836	4544.771	4525.350	4544.771	12944	0	280
2026.05.19	11:00:00	4544.413	4547.936	4529.803	4530.785	11988	0	280
2026.05.19	12:00:00	4530.840	4546.986	4527.204	4537.180	13331	0	280
2026.05.19	13:00:00	4537.234	4537.382	4464.373	4503.453	48077	0	280
2026.05.19	14:00:00	4503.599	4514.260	4484.286	4493.916	37471	0	280
2026.05.19	15:00:00	4493.861	4509.132	4489.557	4508.229	19728	0	280
2026.05.19	16:00:00	4508.586	4512.489	4495.961	4507.818	10500	0	280
2026.05.19	17:00:00	4507.749	4510.995	4498.917	4500.939	8909	0	280
2026.05.19	18:00:00	4501.010	4503.777	4490.168	4493.717	8530	0	280
2026.05.19	19:00:00	4493.663	4497.716	4481.071	4483.498	8259	0	280
2026.05.19	20:00:00	4483.398	4488.142	4480.808	4482.002	4844	0	280
2026.05.19	22:00:00	4481.896	4485.918	4477.340	4484.160	4924	0	280
2026.05.19	23:00:00	4484.084	4496.173	4480.039	4489.452	6502	0	280
2026.05.20	00:00:00	4489.396	4509.021	4479.542	4500.790	21956	0	280
2026.05.20	01:00:00	4500.852	4506.122	4456.046	4481.199	30629	0	280
2026.05.20	02:00:00	4481.296	4487.025	4458.501	4465.160	21565	0	280
2026.05.20	03:00:00	4465.093	4467.463	4453.399	4463.542	15924	0	280
2026.05.20	04:00:00	4463.487	4470.563	4456.481	4462.099	11267	0	280
2026.05.20	05:00:00	4461.990	4478.957	4461.575	4472.532	14593	0	280
2026.05.20	06:00:00	4472.425	4478.513	4461.262	4474.063	17321	0	280
2026.05.20	07:00:00	4473.937	4485.953	4472.035	4478.473	13732	0	280
2026.05.20	08:00:00	4478.429	4490.340	4476.540	4484.137	14796	0	280
2026.05.20	09:00:00	4484.162	4491.220	4472.513	4485.009	10010	0	280
2026.05.20	10:00:00	4484.949	4497.183	4484.507	4494.512	8732	0	280
2026.05.20	11:00:00	4494.410	4501.186	4490.733	4498.918	9243	0	280
2026.05.20	12:00:00	4498.896	4505.364	4493.003	4496.024	11372	0	280
2026.05.20	13:00:00	4496.260	4506.157	4481.908	4483.188	22130	0	280
2026.05.20	14:00:00	4483.245	4537.218	4466.949	4531.061	46954	0	280
2026.05.20	15:00:00	4530.997	4553.062	4523.164	4529.177	31304	0	280
2026.05.20	16:00:00	4529.237	4535.638	4523.915	4534.298	12219	0	280
2026.05.20	17:00:00	4534.353	4538.330	4529.683	4531.112	9832	0	280
2026.05.20	18:00:00	4531.214	4545.120	4529.330	4542.439	7822	0	280
2026.05.20	19:00:00	4542.495	4550.411	4541.472	4545.851	7042	0	280
2026.05.20	20:00:00	4545.796	4550.392	4542.072	4543.912	6289	0	280
2026.05.20	22:00:00	4547.690	4547.690	4535.252	4540.228	6021	0	280
2026.05.20	23:00:00	4540.195	4546.934	4534.735	4546.321	5189	0	280
2026.05.21	00:00:00	4546.372	4553.460	4537.063	4545.289	13462	0	280
2026.05.21	01:00:00	4545.344	4570.947	4539.745	4561.141	18694	0	280
2026.05.21	02:00:00	4561.201	4564.713	4531.336	4533.102	14551	0	280
2026.05.21	03:00:00	4533.193	4540.107	4527.052	4528.065	8983	0	280
2026.05.21	04:00:00	4528.303	4540.673	4527.268	4538.239	6763	0	280
2026.05.21	05:00:00	4538.592	4540.397	4518.150	4527.891	12758	0	280
2026.05.21	06:00:00	4527.981	4539.860	4518.720	4521.578	14382	0	280
2026.05.21	07:00:00	4521.289	4524.274	4511.588	4519.742	11248	0	280
2026.05.21	08:00:00	4519.861	4536.866	4518.300	4532.280	14310	0	280
2026.05.21	09:00:00	4532.149	4543.016	4528.044	4530.756	11115	0	280
2026.05.21	10:00:00	4530.403	4535.393	4504.712	4511.719	24457	0	280
2026.05.21	11:00:00	4511.798	4521.351	4507.901	4513.918	12956	0	280
2026.05.21	12:00:00	4513.998	4519.075	4501.902	4504.137	17212	0	280
2026.05.21	13:00:00	4503.850	4521.101	4488.377	4513.041	30966	0	280
2026.05.21	14:00:00	4513.252	4515.425	4497.967	4508.611	25022	0	280
2026.05.21	15:00:00	4508.531	4515.704	4496.541	4511.680	19288	0	280
2026.05.21	16:00:00	4512.031	4520.677	4511.793	4519.287	11914	0	280
2026.05.21	17:00:00	4519.355	4559.319	4513.993	4551.536	28131	0	280
2026.05.21	18:00:00	4551.472	4556.130	4527.373	4531.705	21024	0	280
2026.05.21	19:00:00	4531.764	4543.847	4529.559	4542.905	11933	0	280
2026.05.21	20:00:00	4543.005	4544.899	4539.686	4542.705	4425	0	280
2026.05.21	22:00:00	4543.175	4545.986	4539.654	4543.460	3778	0	280
2026.05.21	23:00:00	4543.110	4545.200	4532.411	4535.299	4580	0	280
2026.05.22	00:00:00	4535.552	4540.956	4525.560	4526.902	10390	0	280
2026.05.22	01:00:00	4526.603	4536.445	4520.850	4526.150	16321	0	280
2026.05.22	02:00:00	4526.328	4529.478	4518.523	4522.826	9917	0	280
2026.05.22	03:00:00	4522.883	4529.988	4519.114	4529.304	7669	0	280
2026.05.22	04:00:00	4529.361	4533.037	4525.391	4527.345	6025	0	280
2026.05.22	05:00:00	4527.283	4534.298	4507.198	4511.156	11033	0	280
2026.05.22	06:00:00	4511.278	4529.038	4510.092	4526.697	13285	0	280
2026.05.22	07:00:00	4526.590	4527.455	4516.047	4521.760	9507	0	280
2026.05.22	08:00:00	4521.834	4531.197	4517.090	4521.751	10997	0	280
2026.05.22	09:00:00	4521.983	4536.083	4514.836	4532.327	9645	0	280
2026.05.22	10:00:00	4532.383	4536.851	4510.059	4514.482	10375	0	280
2026.05.22	11:00:00	4514.710	4525.089	4511.376	4520.719	8445	0	280
2026.05.22	12:00:00	4520.640	4535.880	4514.898	4528.055	16259	0	280
2026.05.22	13:00:00	4528.278	4534.408	4510.178	4513.605	22202	0	280
2026.05.22	14:00:00	4513.656	4513.964	4491.538	4500.643	24276	0	280
2026.05.22	15:00:00	4500.769	4522.342	4500.121	4520.156	12358	0	280
2026.05.22	16:00:00	4519.806	4526.869	4512.193	4514.739	9248	0	280
2026.05.22	17:00:00	4514.801	4527.963	4513.245	4519.282	12094	0	280
2026.05.22	18:00:00	4519.337	4520.208	4511.507	4515.146	7185	0	280
2026.05.22	19:00:00	4515.024	4515.655	4504.157	4508.348	8733	0	280
2026.05.22	20:00:00	4508.154	4510.282	4504.336	4507.776	5257	0	280
2026.05.24	22:00:00	4545.372	4565.529	4543.319	4564.838	9431	0	280
2026.05.24	23:00:00	4565.076	4579.984	4564.996	4567.183	6374	0	280
2026.05.25	00:00:00	4567.126	4579.774	4565.996	4569.423	11258	0	280
2026.05.25	01:00:00	4569.480	4576.387	4560.052	4562.917	16122	0	280
2026.05.25	02:00:00	4562.568	4570.272	4558.685	4561.150	10003	0	280
2026.05.25	03:00:00	4561.500	4564.486	4556.473	4559.865	7985	0	280
2026.05.25	04:00:00	4559.792	4566.044	4559.281	4564.688	5974	0	280
2026.05.25	05:00:00	4564.633	4566.170	4551.895	4553.619	7749	0	280
2026.05.25	06:00:00	4553.563	4563.360	4550.320	4562.292	8270	0	280
2026.05.25	07:00:00	4562.348	4565.184	4552.349	4564.580	9895	0	280
2026.05.25	08:00:00	4564.580	4565.089	4553.179	4556.231	6298	0	280
2026.05.25	09:00:00	4555.925	4568.993	4554.827	4567.440	5763	0	280
2026.05.25	10:00:00	4567.503	4573.709	4567.405	4568.758	5837	0	280
2026.05.25	11:00:00	4568.818	4576.961	4567.525	4569.527	5929	0	280
2026.05.25	12:00:00	4569.470	4569.976	4552.728	4567.792	10039	0	280
2026.05.25	13:00:00	4567.847	4571.382	4559.999	4563.305	8116	0	280
2026.05.25	14:00:00	4562.941	4570.581	4562.272	4566.975	6755	0	280
2026.05.25	15:00:00	4566.694	4574.713	4565.423	4570.957	7858	0	280
2026.05.25	16:00:00	4571.001	4574.395	4567.825	4573.334	4621	0	280
2026.05.25	17:00:00	4573.563	4578.131	4563.204	4565.202	5233	0	280
2026.05.25	18:00:00	4565.205	4571.283	4564.325	4570.572	2241	0	280
2026.05.25	22:00:00	4571.428	4576.561	4569.491	4574.740	4253	0	280
2026.05.25	23:00:00	4575.034	4580.395	4554.991	4559.694	6977	0	280
2026.05.26	00:00:00	4559.691	4560.242	4539.402	4549.403	14330	0	280
2026.05.26	01:00:00	4549.479	4550.184	4527.706	4536.810	16538	0	280
2026.05.26	02:00:00	4536.754	4539.557	4529.810	4532.411	7640	0	280
2026.05.26	03:00:00	4532.354	4545.336	4531.992	4542.437	6063	0	280
2026.05.26	04:00:00	4542.098	4543.108	4523.352	4525.590	6662	0	280
2026.05.26	05:00:00	4525.230	4535.015	4522.791	4527.131	8701	0	280
2026.05.26	06:00:00	4527.357	4536.292	4526.824	4531.100	9329	0	280
2026.05.26	07:00:00	4531.160	4539.000	4521.521	4538.023	12081	0	280
2026.05.26	08:00:00	4538.108	4538.812	4519.870	4523.742	9621	0	280
2026.05.26	09:00:00	4523.899	4526.492	4511.970	4522.704	10153	0	280
2026.05.26	10:00:00	4522.609	4540.640	4519.284	4534.564	11063	0	280
2026.05.26	11:00:00	4534.665	4536.202	4503.453	4507.170	15982	0	280
2026.05.26	12:00:00	4507.183	4523.801	4500.517	4520.203	16525	0	280
2026.05.26	13:00:00	4520.145	4531.294	4512.348	4514.207	19116	0	280
2026.05.26	14:00:00	4514.188	4525.069	4507.657	4515.159	14244	0	280
2026.05.26	15:00:00	4515.215	4515.637	4502.138	4506.587	14598	0	280
2026.05.26	16:00:00	4506.659	4511.396	4499.499	4505.014	8912	0	280
2026.05.26	17:00:00	4504.975	4507.578	4489.737	4491.209	8290	0	280
2026.05.26	18:00:00	4490.993	4499.541	4482.236	4499.055	7954	0	280
2026.05.26	19:00:00	4499.429	4509.781	4497.492	4508.762	6318	0	280
2026.05.26	20:00:00	4508.999	4510.863	4503.982	4507.128	3935	0	280
2026.05.26	22:00:00	4507.895	4512.466	4497.968	4511.089	8272	0	280
2026.05.26	23:00:00	4510.918	4527.870	4504.340	4519.734	6854	0	280
2026.05.27	00:00:00	4519.674	4525.732	4513.863	4515.230	9642	0	280
2026.05.27	01:00:00	4515.175	4521.113	4506.770	4507.975	11768	0	280
2026.05.27	02:00:00	4508.048	4509.445	4497.921	4505.559	8565	0	280
2026.05.27	03:00:00	4505.524	4511.853	4496.712	4497.177	6509	0	280
2026.05.27	04:00:00	4496.900	4517.109	4495.678	4510.362	7062	0	280
2026.05.27	05:00:00	4510.304	4513.738	4491.551	4497.689	14308	0	280
2026.05.27	06:00:00	4497.373	4499.191	4479.814	4485.335	14182	0	280
2026.05.27	07:00:00	4485.393	4489.006	4475.653	4482.085	10485	0	280
2026.05.27	08:00:00	4481.819	4498.604	4480.966	4497.845	8978	0	280
2026.05.27	09:00:00	4497.584	4497.584	4487.012	4490.256	7090	0	280
2026.05.27	10:00:00	4490.011	4490.797	4442.525	4445.587	18702	0	280
2026.05.27	11:00:00	4445.960	4453.176	4424.700	4428.434	17932	0	280
2026.05.27	12:00:00	4428.311	4466.560	4427.283	4438.675	27506	0	280
2026.05.27	13:00:00	4438.654	4439.153	4401.186	4427.167	39348	0	280
2026.05.27	14:00:00	4427.226	4455.503	4425.831	4434.070	26840	0	280
2026.05.27	15:00:00	4434.013	4441.348	4428.059	4436.299	13478	0	280
2026.05.27	16:00:00	4436.354	4453.189	4433.987	4450.560	8067	0	280
2026.05.27	17:00:00	4450.877	4454.425	4441.365	4450.366	8614	0	280
2026.05.27	18:00:00	4450.409	4458.419	4447.754	4454.472	5389	0	280
2026.05.27	19:00:00	4454.166	4454.874	4448.720	4450.737	5383	0	280
2026.05.27	20:00:00	4451.083	4458.892	4450.126	4456.159	3389	0	280
2026.05.27	22:00:00	4462.376	4465.105	4455.194	4457.256	4442	0	280
2026.05.27	23:00:00	4457.093	4457.502	4443.639	4447.141	5894	0	280
2026.05.28	00:00:00	4447.199	4457.923	4443.246	4456.853	11238	0	280
2026.05.28	01:00:00	4456.793	4458.854	4406.842	4409.782	20878	0	280
2026.05.28	02:00:00	4409.837	4412.586	4392.422	4394.440	15486	0	280
2026.05.28	03:00:00	4394.263	4397.913	4368.277	4374.669	17120	0	280
2026.05.28	04:00:00	4374.605	4382.151	4366.232	4372.869	13561	0	280
2026.05.28	05:00:00	4372.926	4395.736	4366.988	4388.071	14775	0	280
2026.05.28	06:00:00	4387.932	4390.598	4374.119	4383.675	11965	0	280
2026.05.28	07:00:00	4383.501	4396.460	4382.519	4387.567	10739	0	280
2026.05.28	08:00:00	4387.491	4394.980	4385.758	4387.074	9623	0	280
2026.05.28	09:00:00	4386.952	4398.910	4386.338	4393.662	9344	0	280
2026.05.28	10:00:00	4393.736	4404.203	4374.911	4382.807	11751	0	280
2026.05.28	11:00:00	4383.035	4390.530	4380.646	4387.588	10816	0	280
2026.05.28	12:00:00	4387.680	4433.917	4379.409	4431.962	16304	0	280
2026.05.28	13:00:00	4432.019	4439.122	4417.998	4430.323	24319	0	280
2026.05.28	14:00:00	4430.241	4480.590	4420.734	4469.117	46468	0	280
2026.05.28	15:00:00	4469.189	4484.950	4468.484	4482.062	16230	0	280
2026.05.28	16:00:00	4482.429	4511.076	4477.561	4511.076	13911	0	280
2026.05.28	17:00:00	4510.784	4514.608	4500.503	4508.689	8793	0	280
2026.05.28	18:00:00	4508.950	4516.533	4498.442	4501.065	8350	0	280
2026.05.28	19:00:00	4501.169	4503.846	4497.297	4498.028	6260	0	280
2026.05.28	20:00:00	4497.959	4500.705	4494.789	4496.482	4407	0	280
2026.05.28	22:00:00	4497.169	4499.243	4490.626	4491.095	3774	0	280
2026.05.28	23:00:00	4491.151	4496.955	4488.956	4494.974	5156	0	280
2026.05.29	00:00:00	4495.125	4500.687	4492.020	4496.260	10124	0	280
2026.05.29	01:00:00	4496.026	4520.728	4492.195	4506.347	15500	0	280
2026.05.29	02:00:00	4506.305	4511.136	4498.256	4501.596	9288	0	280
2026.05.29	03:00:00	4501.814	4502.106	4494.626	4501.119	8692	0	280
2026.05.29	04:00:00	4501.347	4514.762	4500.863	4514.033	7071	0	280
2026.05.29	05:00:00	4514.203	4515.868	4502.389	4514.993	8358	0	280
2026.05.29	06:00:00	4514.757	4524.069	4509.901	4523.523	12301	0	280
2026.05.29	07:00:00	4523.754	4526.182	4510.739	4524.487	10097	0	280
2026.05.29	08:00:00	4524.701	4524.708	4509.889	4514.702	8757	0	280
2026.05.29	09:00:00	4514.776	4539.749	4513.111	4531.193	10204	0	280
2026.05.29	10:00:00	4531.197	4543.418	4525.474	4538.374	8783	0	280
2026.05.29	11:00:00	4538.600	4540.524	4525.793	4538.199	9863	0	280
2026.05.29	12:00:00	4538.264	4538.532	4512.509	4522.843	12999	0	280
2026.05.29	13:00:00	4522.901	4540.771	4515.013	4536.824	17758	0	280
2026.05.29	14:00:00	4536.843	4570.485	4525.121	4564.291	31201	0	280
2026.05.29	15:00:00	4564.236	4595.189	4557.661	4571.203	30897	0	280
2026.05.29	16:00:00	4571.268	4573.471	4559.637	4566.762	12126	0	280
2026.05.29	17:00:00	4566.822	4568.623	4551.445	4553.390	8645	0	280
2026.05.29	18:00:00	4553.605	4561.563	4550.585	4553.416	8157	0	280
2026.05.29	19:00:00	4553.355	4559.950	4542.821	4545.649	7387	0	280
2026.05.29	20:00:00	4545.593	4549.002	4539.391	4540.363	5279	0	280
2026.05.31	22:00:00	4521.201	4540.224	4518.354	4535.424	7114	0	280
2026.05.31	23:00:00	4535.193	4545.740	4534.929	4539.348	6221	0	280
2026.06.01	00:00:00	4539.409	4546.159	4535.239	4540.603	10201	0	280
2026.06.01	01:00:00	4540.547	4541.332	4523.526	4525.613	13811	0	280
2026.06.01	02:00:00	4525.587	4534.694	4521.011	4521.517	9752	0	280
2026.06.01	03:00:00	4521.456	4525.286	4509.723	4516.138	9012	0	280
2026.06.01	04:00:00	4516.095	4519.475	4508.237	4514.520	6217	0	280
2026.06.01	05:00:00	4514.282	4525.193	4512.545	4518.333	8726	0	280
2026.06.01	06:00:00	4518.273	4518.826	4500.105	4501.616	11879	0	280
2026.06.01	07:00:00	4501.479	4509.982	4492.407	4502.921	10240	0	280
2026.06.01	08:00:00	4502.835	4504.241	4490.198	4497.828	10089	0	280
2026.06.01	09:00:00	4497.954	4506.301	4489.125	4496.118	9541	0	280
2026.06.01	10:00:00	4495.892	4511.014	4495.892	4503.769	7680	0	280
2026.06.01	11:00:00	4504.005	4512.949	4499.713	4505.676	7764	0	280
2026.06.01	12:00:00	4505.620	4510.524	4497.371	4502.252	12093	0	280
2026.06.01	13:00:00	4502.318	4503.903	4448.420	4450.220	41915	0	280
2026.06.01	14:00:00	4450.363	4464.904	4447.501	4458.489	20227	0	280
2026.06.01	15:00:00	4458.560	4479.826	4455.102	4474.027	15272	0	280
2026.06.01	16:00:00	4474.127	4482.247	4462.809	4479.899	9745	0	280
2026.06.01	17:00:00	4479.830	4495.449	4471.360	4487.602	12140	0	280
2026.06.01	18:00:00	4487.611	4490.168	4484.692	4486.688	5042	0	280
2026.06.01	19:00:00	4486.708	4488.319	4479.028	4481.228	5501	0	280
2026.06.01	20:00:00	4481.283	4485.964	4480.214	4484.131	3889	0	280
2026.06.01	22:00:00	4486.595	4486.919	4479.758	4485.429	3406	0	280
2026.06.01	23:00:00	4485.535	4488.338	4479.204	4484.275	4379	0	280
2026.06.02	00:00:00	4484.473	4497.141	4476.600	4481.198	11650	0	280
2026.06.02	01:00:00	4481.078	4492.451	4462.662	4474.124	21063	0	280
2026.06.02	02:00:00	4474.181	4486.565	4472.127	4485.789	11225	0	280
2026.06.02	03:00:00	4485.851	4499.448	4485.562	4499.125	9520	0	280
2026.06.02	04:00:00	4499.101	4518.379	4497.557	4517.195	7990	0	280
2026.06.02	05:00:00	4517.140	4528.329	4515.038	4517.103	10552	0	280
2026.06.02	06:00:00	4517.044	4538.522	4516.744	4535.556	10861	0	280
2026.06.02	07:00:00	4535.495	4541.595	4527.766	4535.185	8888	0	280
2026.06.02	08:00:00	4534.835	4539.287	4525.816	4526.843	8329	0	280
2026.06.02	09:00:00	4526.835	4535.797	4521.338	4529.664	8312	0	280
2026.06.02	10:00:00	4529.748	4533.803	4524.642	4532.917	5997	0	280
2026.06.02	11:00:00	4532.979	4534.672	4525.414	4527.603	6004	0	280
2026.06.02	12:00:00	4527.660	4533.871	4513.318	4514.799	10734	0	280
2026.06.02	13:00:00	4514.854	4524.877	4502.908	4502.908	17060	0	280
2026.06.02	14:00:00	4502.827	4506.907	4490.054	4503.894	14305	0	280
2026.06.02	15:00:00	4503.949	4508.606	4500.006	4502.172	10248	0	280
2026.06.02	16:00:00	4502.187	4502.960	4486.231	4491.962	8429	0	280
2026.06.02	17:00:00	4491.729	4493.202	4482.074	4484.480	7795	0	280
2026.06.02	18:00:00	4484.834	4490.948	4478.519	4487.228	6379	0	280
2026.06.02	19:00:00	4487.271	4490.241	4483.360	4487.900	5135	0	280
2026.06.02	20:00:00	4487.841	4491.038	4486.149	4488.381	3412	0	280
2026.06.02	22:00:00	4490.391	4493.117	4484.236	4485.068	5085	0	280
2026.06.02	23:00:00	4485.005	4488.570	4462.278	4474.199	11216	0	280
2026.06.03	00:00:00	4474.127	4496.745	4473.658	4486.214	9388	0	280
2026.06.03	01:00:00	4486.154	4487.794	4463.171	4475.605	16748	0	280
2026.06.03	02:00:00	4475.591	4485.221	4472.701	4481.795	9296	0	280
2026.06.03	03:00:00	4481.755	4487.783	4481.755	4484.191	6627	0	280
2026.06.03	04:00:00	4484.541	4488.243	4468.309	4469.498	6152	0	280
2026.06.03	05:00:00	4469.264	4474.127	4456.657	4457.112	10405	0	280
2026.06.03	06:00:00	4457.017	4470.854	4455.068	4462.830	12998	0	280
2026.06.03	07:00:00	4462.908	4472.248	4452.738	4453.345	11208	0	280
2026.06.03	08:00:00	4453.406	4459.085	4440.171	4444.094	11317	0	280
2026.06.03	09:00:00	4443.736	4459.049	4438.880	4443.185	10291	0	280
2026.06.03	10:00:00	4442.838	4467.119	4440.818	4458.745	14929	0	280
2026.06.03	11:00:00	4458.809	4468.031	4458.488	4462.564	8591	0	280
2026.06.03	12:00:00	4462.619	4467.297	4448.068	4460.200	13818	0	280
2026.06.03	13:00:00	4460.197	4465.992	4426.144	4445.821	23358	0	280
2026.06.03	14:00:00	4446.084	4459.573	4442.205	4456.964	20155	0	280
2026.06.03	15:00:00	4457.018	4458.391	4436.617	4441.995	15201	0	280
2026.06.03	16:00:00	4441.936	4443.822	4433.590	4441.657	9798	0	280
2026.06.03	17:00:00	4441.727	4448.417	4435.534	4439.073	7627	0	280
2026.06.03	18:00:00	4439.030	4443.006	4434.618	4441.960	5990	0	280
2026.06.03	19:00:00	4441.906	4452.189	4441.279	4443.998	6739	0	280
2026.06.03	20:00:00	4443.938	4445.247	4430.365	4434.050	5939	0	280
2026.06.03	22:00:00	4438.229	4453.022	4423.591	4448.666	7816	0	280
2026.06.03	23:00:00	4448.735	4464.836	4445.334	4457.390	8199	0	280
2026.06.04	00:00:00	4457.449	4465.181	4443.932	4448.239	14254	0	280
2026.06.04	01:00:00	4448.178	4473.652	4443.045	4465.567	18113	0	280
2026.06.04	02:00:00	4465.508	4476.711	4455.508	4474.815	12816	0	280
2026.06.04	03:00:00	4474.753	4477.330	4458.148	4463.965	8907	0	280
2026.06.04	04:00:00	4463.907	4484.061	4462.208	4481.095	8260	0	280
2026.06.04	05:00:00	4481.169	4482.486	4466.758	4469.269	9542	0	280
2026.06.04	06:00:00	4469.189	4477.157	4462.746	4467.609	10849	0	280
2026.06.04	07:00:00	4467.735	4470.800	4459.256	4461.763	9534	0	280
2026.06.04	08:00:00	4461.698	4469.435	4458.588	4463.374	10521	0	280
2026.06.04	09:00:00	4463.376	4475.577	4461.085	4470.524	10111	0	280
2026.06.04	10:00:00	4470.457	4473.950	4464.128	4473.468	8616	0	280
2026.06.04	11:00:00	4473.535	4514.667	4468.692	4511.318	16968	0	280
2026.06.04	12:00:00	4511.533	4513.836	4491.000	4504.226	15876	0	280
2026.06.04	13:00:00	4503.878	4515.517	4495.562	4495.677	21250	0	280
2026.06.04	14:00:00	4495.908	4499.994	4457.157	4465.958	24304	0	280
2026.06.04	15:00:00	4465.738	4478.961	4463.575	4477.560	12547	0	280
2026.06.04	16:00:00	4477.263	4485.225	4475.282	4482.577	9311	0	280
2026.06.04	17:00:00	4482.560	4482.741	4473.902	4477.954	6311	0	280
2026.06.04	18:00:00	4478.301	4481.169	4472.821	4477.944	5326	0	280
2026.06.04	19:00:00	4477.960	4483.231	4476.021	4480.924	5297	0	280
2026.06.04	20:00:00	4480.853	4481.630	4474.323	4475.665	3681	0	280
2026.06.04	22:00:00	4475.333	4481.362	4468.642	4469.677	5185	0	280
2026.06.04	23:00:00	4469.743	4474.129	4460.339	4461.516	6350	0	280
2026.06.05	00:00:00	4461.474	4466.823	4450.551	4459.329	13365	0	280
2026.06.05	01:00:00	4459.385	4470.070	4443.998	4446.662	21111	0	280
2026.06.05	02:00:00	4446.897	4455.047	4438.295	4440.658	14096	0	280
2026.06.05	03:00:00	4440.588	4443.751	4435.034	4442.175	9689	0	280
2026.06.05	04:00:00	4442.530	4446.344	4437.515	4445.020	7338	0	280
2026.06.05	05:00:00	4445.188	4449.970	4438.482	4439.939	11031	0	280
2026.06.05	06:00:00	4440.006	4456.245	4428.481	4452.717	13855	0	280
2026.06.05	07:00:00	4452.664	4467.201	4451.720	4460.937	10467	0	280
2026.06.05	08:00:00	4460.876	4468.366	4458.537	4462.656	8277	0	280
2026.06.05	09:00:00	4462.540	4469.420	4458.776	4464.699	10763	0	280
2026.06.05	10:00:00	4464.751	4467.839	4461.779	4466.927	5675	0	280
2026.06.05	11:00:00	4466.825	4475.313	4458.125	4470.284	8428	0	280
2026.06.05	12:00:00	4470.088	4475.911	4404.849	4406.213	25578	0	280
2026.06.05	13:00:00	4406.296	4421.188	4365.256	4365.510	42261	0	280
2026.06.05	14:00:00	4365.837	4379.190	4344.199	4369.788	40183	0	280
2026.06.05	15:00:00	4369.548	4372.641	4333.907	4335.571	22684	0	260
2026.06.05	16:00:00	4335.513	4345.028	4323.088	4344.427	19415	0	260
2026.06.05	17:00:00	4344.512	4347.257	4335.525	4341.852	15226	0	260
2026.06.05	18:00:00	4341.845	4342.108	4315.025	4322.487	17119	0	260
2026.06.05	19:00:00	4322.558	4325.172	4313.728	4318.481	18533	0	260
2026.06.05	20:00:00	4318.423	4331.020	4311.591	4328.774	11615	0	280
2026.06.07	22:00:00	4325.114	4330.698	4310.191	4317.429	14344	0	260
2026.06.07	23:00:00	4317.492	4347.047	4317.398	4343.828	10113	0	260
2026.06.08	00:00:00	4343.881	4353.304	4339.512	4342.052	14919	0	280
2026.06.08	01:00:00	4342.358	4346.017	4299.839	4325.633	38973	0	280
2026.06.08	02:00:00	4325.738	4330.692	4307.079	4310.697	20611	0	260
2026.06.08	03:00:00	4310.365	4317.367	4303.460	4316.911	12241	0	260
2026.06.08	04:00:00	4316.789	4321.851	4307.431	4312.743	11117	0	260
2026.06.08	05:00:00	4312.582	4316.202	4268.309	4291.797	24689	0	260
2026.06.08	06:00:00	4291.859	4311.438	4291.859	4299.854	19452	0	260
2026.06.08	07:00:00	4299.787	4316.779	4294.287	4294.352	17459	0	260
2026.06.08	08:00:00	4294.479	4297.212	4285.291	4288.860	15639	0	260
2026.06.08	09:00:00	4288.882	4302.034	4272.923	4294.419	16706	0	260
2026.06.08	10:00:00	4294.183	4305.800	4286.143	4301.875	15144	0	260
2026.06.08	11:00:00	4301.815	4333.406	4296.923	4331.383	20792	0	260
2026.06.08	12:00:00	4331.242	4339.393	4320.210	4332.836	17747	0	260
2026.06.08	13:00:00	4333.190	4346.835	4321.172	4326.933	29470	0	260
2026.06.08	14:00:00	4326.983	4331.438	4314.310	4330.765	26640	0	260
2026.06.08	15:00:00	4330.825	4345.839	4322.516	4341.650	18213	0	260
2026.06.08	16:00:00	4341.569	4346.261	4337.670	4340.484	11064	0	260
2026.06.08	17:00:00	4340.536	4342.528	4331.936	4339.016	10070	0	260
2026.06.08	18:00:00	4338.910	4345.844	4332.915	4334.645	7817	0	260
2026.06.08	19:00:00	4334.381	4338.141	4323.378	4326.500	8589	0	260
2026.06.08	20:00:00	4326.445	4330.078	4324.217	4329.953	4783	0	260
2026.06.08	22:00:00	4332.101	4332.460	4322.673	4327.973	4142	0	260
2026.06.08	23:00:00	4328.033	4328.870	4312.833	4317.619	5432	0	260
2026.06.09	00:00:00	4317.567	4323.916	4314.938	4319.662	12606	0	260
2026.06.09	01:00:00	4319.608	4338.809	4318.521	4336.391	16574	0	260
2026.06.09	02:00:00	4336.660	4341.039	4328.297	4336.118	11223	0	260
2026.06.09	03:00:00	4336.121	4342.393	4331.069	4336.458	10050	0	280
2026.06.09	04:00:00	4336.409	4339.286	4324.043	4332.168	7612	0	280
2026.06.09	05:00:00	4332.243	4351.513	4330.674	4343.539	12398	0	280
2026.06.09	06:00:00	4343.485	4348.846	4330.144	4330.801	12436	0	280
2026.06.09	07:00:00	4330.733	4334.590	4322.204	4326.712	12312	0	260
2026.06.09	08:00:00	4326.769	4336.866	4321.060	4326.673	10669	0	260
2026.06.09	09:00:00	4326.587	4335.963	4323.980	4331.973	8733	0	260
2026.06.09	10:00:00	4331.919	4340.826	4325.179	4339.002	8921	0	260
2026.06.09	11:00:00	4338.945	4343.902	4335.646	4339.743	7422	0	260
2026.06.09	12:00:00	4339.955	4344.254	4334.785	4341.154	9596	0	260
2026.06.09	13:00:00	4341.210	4363.463	4325.152	4329.226	23170	0	260
2026.06.09	14:00:00	4329.160	4335.801	4278.393	4300.495	42789	0	260
2026.06.09	15:00:00	4300.655	4302.157	4262.949	4272.228	38980	0	260
2026.06.09	16:00:00	4272.470	4281.129	4236.398	4252.112	53088	0	260
2026.06.09	17:00:00	4252.052	4268.150	4251.104	4262.959	26906	0	260
2026.06.09	18:00:00	4263.023	4274.273	4259.537	4270.054	14978	0	260
2026.06.09	19:00:00	4269.875	4271.579	4249.827	4258.411	15210	0	260
2026.06.09	20:00:00	4258.485	4262.177	4255.742	4260.441	4982	0	260
2026.06.09	22:00:00	4256.058	4257.280	4232.375	4236.965	8107	0	280
2026.06.09	23:00:00	4237.192	4247.386	4210.224	4222.118	12672	0	260
2026.06.10	00:00:00	4222.169	4228.412	4198.692	4217.986	25301	0	260
2026.06.10	01:00:00	4217.934	4218.959	4183.521	4188.780	32559	0	260
2026.06.10	02:00:00	4188.833	4192.383	4172.898	4174.160	21746	0	260
2026.06.10	03:00:00	4173.832	4186.451	4172.542	4184.697	13703	0	260
2026.06.10	04:00:00	4184.643	4187.362	4172.132	4174.665	10248	0	260
2026.06.10	05:00:00	4174.997	4209.142	4173.370	4205.031	18092	0	260
2026.06.10	06:00:00	4205.000	4222.052	4201.631	4203.976	17118	0	260
2026.06.10	07:00:00	4203.925	4208.053	4181.480	4186.016	15178	0	260
2026.06.10	08:00:00	4185.955	4187.404	4161.206	4169.061	21627	0	260
2026.06.10	09:00:00	4169.116	4179.417	4163.025	4168.523	16753	0	260
2026.06.10	10:00:00	4168.583	4178.683	4155.518	4174.475	15005	0	260
2026.06.10	11:00:00	4174.401	4176.113	4145.650	4147.722	31028	0	260
2026.06.10	12:00:00	4147.659	4173.977	4128.492	4146.777	40153	0	260
2026.06.10	13:00:00	4146.827	4186.372	4132.728	4179.361	46229	0	260
2026.06.10	14:00:00	4179.466	4181.019	4117.593	4124.670	37951	0	260
2026.06.10	15:00:00	4124.733	4137.095	4106.728	4128.597	47874	0	260
2026.06.10	16:00:00	4128.650	4135.245	4115.804	4122.135	24472	0	260
2026.06.10	17:00:00	4121.802	4135.030	4100.597	4111.714	21069	0	260
2026.06.10	18:00:00	4111.763	4120.475	4096.741	4101.676	16003	0	260
2026.06.10	19:00:00	4101.458	4102.123	4081.437	4082.846	17022	0	260
2026.06.10	20:00:00	4082.793	4083.124	4066.955	4070.577	9723	0	260
2026.06.10	22:00:00	4071.785	4072.040	4036.109	4046.457	14973	0	260
2026.06.10	23:00:00	4046.531	4064.807	4023.773	4047.261	22159	0	260
2026.06.11	00:00:00	4047.319	4078.165	4036.098	4075.621	46455	0	260
2026.06.11	01:00:00	4075.570	4118.287	4066.216	4102.099	42146	0	260
2026.06.11	02:00:00	4102.157	4102.808	4052.331	4067.776	30002	0	260
2026.06.11	03:00:00	4067.721	4078.455	4056.824	4072.692	22070	0	260
2026.06.11	04:00:00	4072.850	4085.919	4070.093	4082.758	14040	0	260
2026.06.11	05:00:00	4082.812	4106.369	4072.407	4094.352	21821	0	260
2026.06.11	06:00:00	4094.144	4097.476	4076.168	4094.729	20860	0	260
2026.06.11	07:00:00	4094.482	4110.622	4091.788	4104.774	17314	0	260
2026.06.11	08:00:00	4104.722	4112.711	4084.380	4084.380	17376	0	260
2026.06.11	09:00:00	4084.324	4096.584	4077.334	4091.451	12692	0	260
2026.06.11	10:00:00	4091.670	4094.580	4086.378	4089.750	10386	0	260
2026.06.11	11:00:00	4089.808	4096.086	4079.681	4080.436	15934	0	260
2026.06.11	12:00:00	4080.418	4086.970	4057.387	4081.988	34886	0	260
2026.06.11	13:00:00	4081.932	4092.660	4067.024	4083.336	45708	0	260
2026.06.11	14:00:00	4083.335	4085.416	4052.837	4073.597	45324	0	260
2026.06.11	15:00:00	4073.542	4095.412	4070.282	4088.661	33923	0	260
2026.06.11	16:00:00	4088.735	4107.559	4077.907	4080.372	21287	0	260
2026.06.11	17:00:00	4080.031	4170.122	4071.801	4152.015	62546	0	260
2026.06.11	18:00:00	4151.961	4171.732	4131.381	4161.789	36175	0	260
2026.06.11	19:00:00	4161.714	4219.968	4161.714	4208.967	35381	0	260
2026.06.11	20:00:00	4209.061	4218.695	4208.002	4211.516	10297	0	260
2026.06.11	22:00:00	4220.124	4246.422	4205.253	4243.304	9859	0	260
2026.06.11	23:00:00	4243.369	4245.907	4214.087	4219.785	12260	0	260
2026.06.12	00:00:00	4219.997	4230.603	4200.695	4208.154	23693	0	260
2026.06.12	01:00:00	4208.207	4210.998	4171.347	4186.890	28206	0	260
2026.06.12	02:00:00	4186.823	4199.998	4182.580	4191.411	16229	0	260
2026.06.12	03:00:00	4191.356	4205.037	4189.581	4197.277	14249	0	260
2026.06.12	04:00:00	4197.226	4201.097	4189.401	4190.115	9298	0	260
2026.06.12	05:00:00	4190.081	4193.109	4170.815	4173.030	17541	0	260
2026.06.12	06:00:00	4173.270	4185.640	4172.222	4184.002	14426	0	260
2026.06.12	07:00:00	4184.056	4194.252	4170.007	4194.047	16617	0	260
2026.06.12	08:00:00	4194.121	4225.884	4191.789	4219.695	25043	0	260
2026.06.12	09:00:00	4219.586	4227.914	4217.335	4221.921	15345	0	260
2026.06.12	10:00:00	4221.864	4225.440	4202.689	4210.733	13925	0	260
2026.06.12	11:00:00	4210.953	4215.365	4197.410	4207.017	12313	0	260
2026.06.12	12:00:00	4206.966	4215.469	4188.382	4191.873	17396	0	260
2026.06.12	13:00:00	4191.820	4210.207	4182.665	4186.368	35872	0	260
2026.06.12	14:00:00	4186.293	4208.615	4176.959	4204.055	37107	0	260
2026.06.12	15:00:00	4204.114	4235.558	4200.252	4211.904	29870	0	260
2026.06.12	16:00:00	4211.963	4233.055	4207.886	4216.119	22113	0	260
2026.06.12	17:00:00	4216.178	4226.454	4213.805	4221.410	12012	0	260
2026.06.12	18:00:00	4221.474	4235.285	4214.074	4215.692	10610	0	260
2026.06.12	19:00:00	4215.639	4219.274	4201.725	4210.559	10004	0	260
2026.06.12	20:00:00	4210.502	4219.296	4209.251	4218.665	4602	0	260
2026.06.14	22:00:00	4270.346	4308.995	4269.222	4285.497	13343	0	280
2026.06.14	23:00:00	4285.496	4295.252	4281.074	4293.940	6657	0	280
2026.06.15	00:00:00	4293.886	4308.175	4291.513	4292.396	12566	0	260
2026.06.15	01:00:00	4292.479	4319.622	4285.447	4316.632	23246	0	280
2026.06.15	02:00:00	4316.571	4335.532	4315.919	4329.571	12360	0	260
2026.06.15	03:00:00	4329.304	4331.221	4321.289	4325.067	8893	0	260
2026.06.15	04:00:00	4325.119	4330.233	4320.482	4328.359	6239	0	260
2026.06.15	05:00:00	4328.000	4332.963	4307.352	4310.170	10996	0	260
2026.06.15	06:00:00	4310.192	4313.507	4300.619	4308.245	12838	0	260
2026.06.15	07:00:00	4308.305	4325.376	4305.261	4322.971	10144	0	260
2026.06.15	08:00:00	4322.908	4345.535	4321.640	4334.326	11128	0	260
2026.06.15	09:00:00	4334.333	4343.403	4334.221	4336.791	9538	0	260
2026.06.15	10:00:00	4336.854	4341.641	4335.137	4337.970	7317	0	260
2026.06.15	11:00:00	4338.330	4347.567	4331.863	4335.355	9583	0	260
2026.06.15	12:00:00	4335.412	4349.451	4324.435	4348.814	11324	0	260
2026.06.15	13:00:00	4348.741	4368.771	4341.338	4355.332	19212	0	280
2026.06.15	14:00:00	4355.274	4369.303	4353.741	4356.812	17859	0	280
2026.06.15	15:00:00	4356.757	4360.744	4349.486	4356.282	12542	0	280
2026.06.15	16:00:00	4356.346	4358.787	4334.390	4339.029	10063	0	260
2026.06.15	17:00:00	4339.057	4339.284	4320.283	4324.588	10059	0	260
2026.06.15	18:00:00	4324.650	4328.102	4317.799	4325.804	7496	0	260
2026.06.15	19:00:00	4325.625	4326.829	4316.402	4320.608	7027	0	260
2026.06.15	20:00:00	4320.843	4322.117	4306.340	4308.713	4910	0	260
2026.06.15	22:00:00	4311.372	4315.414	4305.895	4311.954	4826	0	260
2026.06.15	23:00:00	4311.902	4319.157	4311.442	4315.715	4938	0	260
2026.06.16	00:00:00	4315.658	4320.656	4306.624	4319.175	10052	0	260
2026.06.16	01:00:00	4319.243	4325.886	4312.027	4313.447	14976	0	260
2026.06.16	02:00:00	4313.422	4320.690	4307.800	4318.452	8150	0	260
2026.06.16	03:00:00	4318.698	4333.222	4315.414	4330.235	7556	0	260
2026.06.16	04:00:00	4330.267	4331.897	4321.056	4322.633	6223	0	260
2026.06.16	05:00:00	4322.688	4330.877	4314.063	4315.673	9418	0	260
2026.06.16	06:00:00	4315.786	4324.368	4313.307	4323.703	9629	0	260
2026.06.16	07:00:00	4323.761	4335.493	4322.520	4334.908	8795	0	260
2026.06.16	08:00:00	4334.854	4348.018	4332.798	4346.783	8648	0	280
2026.06.16	09:00:00	4346.841	4348.401	4338.132	4345.058	7248	0	260
2026.06.16	10:00:00	4345.417	4349.002	4341.980	4348.705	5632	0	260
2026.06.16	11:00:00	4348.769	4349.466	4334.930	4340.763	8706	0	280
2026.06.16	12:00:00	4340.711	4354.979	4337.590	4354.497	10478	0	260
2026.06.16	13:00:00	4354.436	4354.881	4331.442	4331.588	17726	0	260
2026.06.16	14:00:00	4331.941	4338.801	4313.008	4323.968	20356	0	260
2026.06.16	15:00:00	4323.894	4343.543	4320.909	4335.381	14977	0	260
2026.06.16	16:00:00	4335.324	4347.069	4335.031	4340.704	11703	0	260
2026.06.16	17:00:00	4340.644	4341.250	4325.185	4340.091	10086	0	260
2026.06.16	18:00:00	4340.145	4342.913	4336.013	4338.335	6354	0	260
2026.06.16	19:00:00	4338.403	4343.010	4330.457	4334.102	6924	0	260
2026.06.16	20:00:00	4334.049	4334.958	4329.454	4331.080	3626	0	280
2026.06.16	22:00:00	4335.048	4336.148	4328.797	4335.567	3051	0	280
2026.06.16	23:00:00	4335.567	4338.267	4329.490	4331.111	3276	0	260
2026.06.17	00:00:00	4331.252	4341.652	4328.359	4334.175	6864	0	280
